14/10/2020 10:35:10;23,510518;23,484695;23,923696;12,132894;
14/10/2020 10:35:10;23,510518;23,458871;23,923696;13,713301;
14/10/2020 10:35:10;23,510518;23,484695;23,897873;12,339484;
14/10/2020 10:35:10;23,510518;23,484695;23,923696;12,132894;
14/10/2020 10:35:10;23,510518;23,484695;23,923696;13,697807;
14/10/2020 10:35:10;23,510518;23,484695;23,923696;13,702971;
14/10/2020 10:35:10;23,510518;23,484695;23,897873;13,702971;
14/10/2020 10:35:10;23,510518;23,458871;23,923696;13,702971;
14/10/2020 10:35:10;23,510518;23,484695;23,897873;13,708136;
14/10/2020 10:35:10;23,510518;23,484695;23,897873;13,713301;
14/10/2020 10:35:10;23,510518;23,484695;23,897873;13,713301;
14/10/2020 10:35:10;23,510518;23,484695;23,897873;13,036722;
14/10/2020 10:35:10;23,510518;23,458871;23,897873;10,299417;
14/10/2020 10:35:10;23,510518;23,458871;23,897873;12,489261;
14/10/2020 10:35:10;23,484695;23,458871;23,897873;13,718466;
14/10/2020 10:35:10;23,510518;23,484695;23,897873;13,713301;
14/10/2020 10:35:10;23,510518;23,484695;23,897873;13,708136;
14/10/2020 10:35:10;23,484695;23,484695;23,897873;13,702971;
14/10/2020 10:35:10;23,510518;23,484695;23,897873;13,702971;
14/10/2020 10:35:10;23,510518;23,458871;23,897873;13,702971;
14/10/2020 10:35:10;23,510518;23,484695;23,923696;13,697807;
14/10/2020 10:35:10;23,510518;23,484695;23,923696;10,376887;
14/10/2020 10:35:10;23,510518;23,484695;23,923696;10,888195;
14/10/2020 10:35:10;23,510518;23,458871;23,923696;12,639038;
14/10/2020 10:35:10;23,510518;23,484695;23,923696;13,697807;
14/10/2020 10:35:11;23,510518;23,484695;23,923696;13,697807;
14/10/2020 10:35:11;23,510518;23,484695;23,923696;13,702971;
14/10/2020 10:35:11;23,510518;23,484695;23,923696;13,702971;
14/10/2020 10:35:11;23,510518;23,484695;23,923696;13,708136;
14/10/2020 10:35:11;23,510518;23,484695;23,923696;13,708136;
14/10/2020 10:35:11;23,510518;23,484695;23,923696;13,713301;
14/10/2020 10:35:11;23,510518;23,484695;23,923696;11,750705;
14/10/2020 10:35:11;23,510518;23,484695;23,923696;10,552488;
14/10/2020 10:35:11;23,484695;23,484695;23,923696;12,845627;
14/10/2020 10:35:11;23,510518;23,510518;23,923696;13,713301;
14/10/2020 10:35:11;23,510518;23,510518;23,949520;13,713301;
14/10/2020 10:35:11;23,510518;23,510518;23,949520;13,713301;
14/10/2020 10:35:11;23,510518;23,510518;23,949520;13,708136;
14/10/2020 10:35:11;23,510518;23,510518;23,949520;13,697807;
14/10/2020 10:35:11;23,510518;23,484695;23,923696;13,579018;
14/10/2020 10:35:11;23,536342;23,484695;23,923696;10,841713;
14/10/2020 10:35:11;23,536342;23,484695;23,949520;12,747497;
14/10/2020 10:35:11;23,536342;23,433047;23,923696;13,697807;
14/10/2020 10:35:11;23,536342;23,433047;23,923696;13,702971;
14/10/2020 10:35:11;23,510518;23,433047;23,949520;13,702971;
14/10/2020 10:35:11;23,536342;23,433047;23,923696;13,702971;
14/10/2020 10:35:11;23,536342;23,407224;23,923696;13,708136;
14/10/2020 10:35:11;23,536342;23,433047;23,923696;13,718466;
14/10/2020 10:35:11;23,536342;23,433047;23,923696;13,702971;
14/10/2020 10:35:11;23,536342;23,433047;23,923696;13,697807;
14/10/2020 10:35:11;23,536342;23,433047;23,923696;11,466645;
14/10/2020 10:35:11;23,536342;23,433047;23,923696;10,469853;
14/10/2020 10:35:11;23,510518;23,433047;23,923696;12,959251;
14/10/2020 10:35:11;23,510518;23,484695;23,923696;13,697807;
14/10/2020 10:35:11;23,510518;23,484695;23,923696;13,697807;
14/10/2020 10:35:11;23,510518;23,484695;23,897873;13,702971;
14/10/2020 10:35:11;23,510518;23,484695;23,923696;13,713301;
14/10/2020 10:35:11;23,510518;23,484695;23,923696;13,713301;
14/10/2020 10:35:11;23,484695;23,484695;23,923696;13,713301;
14/10/2020 10:35:11;23,510518;23,484695;23,923696;13,713301;
14/10/2020 10:35:11;23,510518;23,484695;23,897873;10,965666;
14/10/2020 10:35:11;23,510518;23,484695;23,923696;10,113486;
14/10/2020 10:35:11;23,510518;23,484695;23,923696;13,682312;
14/10/2020 10:35:11;23,510518;23,484695;23,923696;13,713301;
14/10/2020 10:35:11;23,510518;23,484695;23,923696;11,523457;
14/10/2020 10:35:11;23,510518;23,484695;23,897873;9,875909;
14/10/2020 10:35:11;23,510518;23,510518;23,923696;10,635124;
14/10/2020 10:35:11;23,510518;23,510518;23,949520;13,682312;
14/10/2020 10:35:11;23,510518;23,510518;23,949520;13,697807;
14/10/2020 10:35:11;23,510518;23,510518;23,949520;13,697807;
14/10/2020 10:35:11;23,510518;23,484695;23,949520;13,702971;
14/10/2020 10:35:11;23,510518;23,510518;23,949520;13,708136;
14/10/2020 10:35:12;23,510518;23,510518;23,949520;13,713301;
14/10/2020 10:35:12;23,510518;23,484695;23,949520;13,713301;
14/10/2020 10:35:12;23,536342;23,510518;23,949520;13,713301;
14/10/2020 10:35:12;23,536342;23,510518;23,949520;10,888195;
14/10/2020 10:35:12;23,536342;23,484695;23,949520;10,924348;
14/10/2020 10:35:12;23,510518;23,510518;23,949520;12,840462;
14/10/2020 10:35:12;23,536342;23,510518;23,949520;13,713301;
14/10/2020 10:35:12;23,536342;23,407224;23,949520;13,713301;
14/10/2020 10:35:12;23,536342;23,433047;23,949520;13,708136;
14/10/2020 10:35:12;23,536342;23,407224;23,949520;13,702971;
14/10/2020 10:35:12;23,536342;23,407224;23,949520;13,697807;
14/10/2020 10:35:12;23,510518;23,407224;23,949520;11,874658;
14/10/2020 10:35:12;23,510518;23,407224;23,949520;13,697807;
14/10/2020 10:35:12;23,510518;23,407224;23,949520;10,165134;
14/10/2020 10:35:12;23,536342;23,407224;23,949520;13,088369;
14/10/2020 10:35:12;23,510518;23,407224;23,949520;13,713301;
14/10/2020 10:35:12;23,510518;23,433047;23,949520;13,708136;
14/10/2020 10:35:12;23,510518;23,433047;23,949520;13,708136;
14/10/2020 10:35:12;23,510518;23,433047;23,923696;13,702971;
14/10/2020 10:35:12;23,510518;23,433047;23,949520;13,702971;
14/10/2020 10:35:12;23,510518;23,433047;23,923696;13,697807;
14/10/2020 10:35:12;23,510518;23,433047;23,949520;12,809474;
14/10/2020 10:35:12;23,510518;23,407224;23,923696;10,774571;
14/10/2020 10:35:12;23,510518;23,433047;23,923696;11,497633;
14/10/2020 10:35:12;23,510518;23,433047;23,949520;13,677148;
14/10/2020 10:35:12;23,510518;23,433047;23,949520;13,594512;
14/10/2020 10:35:12;23,536342;23,407224;23,949520;13,702971;
14/10/2020 10:35:12;23,536342;23,433047;23,949520;13,702971;
14/10/2020 10:35:12;23,536342;23,458871;23,949520;13,708136;
14/10/2020 10:35:12;23,536342;23,458871;23,923696;13,708136;
14/10/2020 10:35:12;23,536342;23,458871;23,923696;13,713301;
14/10/2020 10:35:12;23,536342;23,484695;23,923696;13,568688;
14/10/2020 10:35:12;23,536342;23,458871;23,897873;10,294252;
14/10/2020 10:35:12;23,536342;23,484695;23,923696;11,115443;
14/10/2020 10:35:12;23,536342;23,484695;23,923696;13,687477;
14/10/2020 10:35:12;23,536342;23,484695;23,923696;13,718466;
14/10/2020 10:35:12;23,536342;23,458871;23,923696;13,713301;
14/10/2020 10:35:12;23,536342;23,458871;23,923696;13,702971;
14/10/2020 10:35:12;23,562166;23,458871;23,923696;13,702971;
14/10/2020 10:35:12;23,562166;23,484695;23,923696;13,692642;
14/10/2020 10:35:12;23,562166;23,433047;23,923696;13,697807;
14/10/2020 10:35:12;23,562166;23,433047;23,923696;12,174212;
14/10/2020 10:35:12;23,562166;23,433047;23,897873;10,320075;
14/10/2020 10:35:12;23,562166;23,433047;23,897873;11,843670;
14/10/2020 10:35:12;23,562166;23,433047;23,897873;13,764948;
14/10/2020 10:35:12;23,562166;23,433047;23,897873;13,780442;
14/10/2020 10:35:12;23,536342;23,433047;23,897873;13,780442;
14/10/2020 10:35:13;23,562166;23,433047;23,897873;13,790772;
14/10/2020 10:35:13;23,562166;23,433047;23,897873;13,795936;
14/10/2020 10:35:13;23,562166;23,433047;23,897873;13,795936;
14/10/2020 10:35:13;23,536342;23,433047;23,897873;13,801101;
14/10/2020 10:35:13;23,536342;23,433047;23,897873;13,713301;
14/10/2020 10:35:13;23,536342;23,433047;23,897873;10,123816;
14/10/2020 10:35:13;23,536342;23,433047;23,897873;11,544116;
14/10/2020 10:35:13;23,536342;23,433047;23,897873;13,801101;
14/10/2020 10:35:13;23,536342;23,433047;23,897873;13,801101;
14/10/2020 10:35:13;23,536342;23,433047;23,897873;13,795936;
14/10/2020 10:35:13;23,536342;23,433047;23,872049;13,790772;
14/10/2020 10:35:13;23,536342;23,433047;23,897873;13,790772;
14/10/2020 10:35:13;23,536342;23,433047;23,897873;13,785607;
14/10/2020 10:35:13;23,536342;23,433047;23,897873;13,785607;
14/10/2020 10:35:13;23,536342;23,433047;23,897873;12,478931;
14/10/2020 10:35:13;23,536342;23,433047;23,897873;10,733254;
14/10/2020 10:35:13;23,510518;23,433047;23,923696;11,425327;
14/10/2020 10:35:13;23,536342;23,484695;23,897873;13,785607;
14/10/2020 10:35:13;23,510518;23,484695;23,897873;13,785607;
14/10/2020 10:35:13;23,536342;23,484695;23,897873;13,780442;
14/10/2020 10:35:13;23,510518;23,484695;23,897873;13,790772;
14/10/2020 10:35:13;23,510518;23,484695;23,897873;13,790772;
14/10/2020 10:35:13;23,536342;23,484695;23,897873;13,801101;
14/10/2020 10:35:13;23,536342;23,484695;23,897873;13,795936;
14/10/2020 10:35:13;23,510518;23,484695;23,897873;13,532535;
14/10/2020 10:35:13;23,536342;23,510518;23,923696;10,500841;
14/10/2020 10:35:13;23,536342;23,510518;23,897873;11,414997;
14/10/2020 10:35:13;23,510518;23,484695;23,897873;13,801101;
14/10/2020 10:35:13;23,510518;23,484695;23,897873;13,801101;
14/10/2020 10:35:13;23,510518;23,381400;23,923696;13,795936;
14/10/2020 10:35:13;23,510518;23,407224;23,897873;13,790772;
14/10/2020 10:35:13;23,510518;23,381400;23,897873;13,790772;
14/10/2020 10:35:13;23,510518;23,381400;23,897873;13,460229;
14/10/2020 10:35:13;23,510518;23,381400;23,872049;13,780442;
14/10/2020 10:35:13;23,510518;23,407224;23,897873;12,664861;
14/10/2020 10:35:13;23,536342;23,407224;23,872049;9,860415;
14/10/2020 10:35:13;23,510518;23,381400;23,897873;12,163883;
14/10/2020 10:35:13;23,510518;23,381400;23,897873;13,780442;
14/10/2020 10:35:13;23,510518;23,381400;23,897873;13,780442;
14/10/2020 10:35:13;23,536342;23,381400;23,897873;13,785607;
14/10/2020 10:35:13;23,510518;23,381400;23,897873;13,790772;
14/10/2020 10:35:13;23,510518;23,484695;23,872049;13,795936;
14/10/2020 10:35:13;23,510518;23,484695;23,897873;13,795936;
14/10/2020 10:35:13;23,510518;23,484695;23,897873;13,801101;
14/10/2020 10:35:13;23,536342;23,484695;23,897873;11,843670;
14/10/2020 10:35:13;23,536342;23,484695;23,897873;10,252934;
14/10/2020 10:35:13;23,510518;23,484695;23,897873;13,103863;
14/10/2020 10:35:13;23,510518;23,484695;23,897873;13,806266;
14/10/2020 10:35:14;23,536342;23,484695;23,897873;13,795936;
14/10/2020 10:35:14;23,510518;23,484695;23,897873;13,728795;
14/10/2020 10:35:14;23,484695;23,484695;23,897873;13,795936;
14/10/2020 10:35:14;23,510518;23,484695;23,897873;13,801101;
14/10/2020 10:35:14;23,510518;23,484695;23,897873;13,155510;
14/10/2020 10:35:14;23,510518;23,433047;23,872049;10,237440;
14/10/2020 10:35:14;23,510518;23,433047;23,872049;11,657740;
14/10/2020 10:35:14;23,510518;23,433047;23,872049;13,801101;
14/10/2020 10:35:14;23,510518;23,458871;23,872049;13,795936;
14/10/2020 10:35:14;23,510518;23,458871;23,872049;13,795936;
14/10/2020 10:35:14;23,510518;23,433047;23,872049;13,790772;
14/10/2020 10:35:14;23,484695;23,433047;23,897873;13,785607;
14/10/2020 10:35:14;23,510518;23,433047;23,897873;13,785607;
14/10/2020 10:35:14;23,510518;23,433047;23,872049;13,780442;
14/10/2020 10:35:14;23,510518;23,433047;23,897873;11,368515;
14/10/2020 10:35:14;23,510518;23,433047;23,872049;10,459523;
14/10/2020 10:35:14;23,510518;23,458871;23,872049;13,036722;
14/10/2020 10:35:14;23,510518;23,458871;23,872049;13,780442;
14/10/2020 10:35:14;23,510518;23,458871;23,872049;13,780442;
14/10/2020 10:35:14;23,510518;23,458871;23,872049;13,785607;
14/10/2020 10:35:14;23,510518;23,484695;23,872049;13,790772;
14/10/2020 10:35:14;23,484695;23,458871;23,872049;13,795936;
14/10/2020 10:35:14;23,484695;23,458871;23,872049;13,801101;
14/10/2020 10:35:14;23,510518;23,458871;23,872049;13,795936;
14/10/2020 10:35:14;23,510518;23,458871;23,872049;11,487304;
14/10/2020 10:35:14;23,510518;23,458871;23,872049;10,123816;
14/10/2020 10:35:14;23,510518;23,458871;23,872049;12,840462;
14/10/2020 10:35:14;23,510518;23,458871;23,872049;13,801101;
14/10/2020 10:35:14;23,510518;23,458871;23,872049;13,801101;
14/10/2020 10:35:14;23,510518;23,458871;23,872049;13,795936;
14/10/2020 10:35:14;23,510518;23,458871;23,872049;13,790772;
14/10/2020 10:35:14;23,510518;23,458871;23,872049;13,785607;
14/10/2020 10:35:14;23,510518;23,458871;23,872049;13,785607;
14/10/2020 10:35:14;23,510518;23,458871;23,872049;13,780442;
14/10/2020 10:35:14;23,510518;23,484695;23,872049;10,790066;
14/10/2020 10:35:14;23,510518;23,458871;23,872049;10,826219;
14/10/2020 10:35:14;23,510518;23,458871;23,872049;13,408582;
14/10/2020 10:35:14;23,510518;23,458871;23,872049;13,785607;
14/10/2020 10:35:14;23,510518;23,458871;23,872049;13,785607;
14/10/2020 10:35:14;23,510518;23,458871;23,872049;13,785607;
14/10/2020 10:35:14;23,510518;23,458871;23,872049;13,795936;
14/10/2020 10:35:14;23,510518;23,458871;23,872049;13,795936;
14/10/2020 10:35:14;23,510518;23,458871;23,872049;13,801101;
14/10/2020 10:35:14;23,510518;23,458871;23,872049;13,801101;
14/10/2020 10:35:14;23,484695;23,458871;23,872049;10,857207;
14/10/2020 10:35:14;23,510518;23,458871;23,872049;10,764242;
14/10/2020 10:35:14;23,510518;23,458871;23,872049;13,341441;
14/10/2020 10:35:15;23,510518;23,458871;23,872049;13,795936;
14/10/2020 10:35:15;23,510518;23,458871;23,872049;13,801101;
14/10/2020 10:35:15;23,510518;23,484695;23,872049;13,790772;
14/10/2020 10:35:15;23,510518;23,458871;23,872049;12,225860;
14/10/2020 10:35:15;23,510518;23,458871;23,872049;13,780442;
14/10/2020 10:35:15;23,510518;23,458871;23,872049;13,780442;
14/10/2020 10:35:15;23,484695;23,510518;23,872049;13,785607;
14/10/2020 10:35:15;23,510518;23,510518;23,872049;13,517041;
14/10/2020 10:35:15;23,510518;23,510518;23,897873;13,780442;
14/10/2020 10:35:15;23,510518;23,510518;23,897873;13,785607;
14/10/2020 10:35:15;23,484695;23,510518;23,897873;13,790772;
14/10/2020 10:35:15;23,484695;23,510518;23,897873;13,795936;
14/10/2020 10:35:15;23,510518;23,510518;23,872049;13,790772;
14/10/2020 10:35:15;23,484695;23,510518;23,897873;13,801101;
14/10/2020 10:35:15;23,510518;23,510518;23,872049;13,801101;
14/10/2020 10:35:15;23,510518;23,510518;23,872049;10,898525;
14/10/2020 10:35:15;23,510518;23,510518;23,897873;10,165134;
14/10/2020 10:35:15;23,510518;23,484695;23,897873;13,222652;
14/10/2020 10:35:15;23,510518;23,484695;23,923696;13,801101;
14/10/2020 10:35:15;23,484695;23,484695;23,923696;13,795936;
14/10/2020 10:35:15;23,510518;23,484695;23,923696;13,795936;
14/10/2020 10:35:15;23,510518;23,484695;23,897873;13,790772;
14/10/2020 10:35:15;23,484695;23,484695;23,923696;13,749454;
14/10/2020 10:35:15;23,510518;23,484695;23,923696;13,708136;
14/10/2020 10:35:15;23,510518;23,484695;23,923696;13,697807;
14/10/2020 10:35:15;23,510518;23,484695;23,923696;11,053467;
14/10/2020 10:35:15;23,484695;23,484695;23,923696;10,159969;
14/10/2020 10:35:15;23,510518;23,484695;23,923696;13,584183;
14/10/2020 10:35:15;23,510518;23,458871;23,923696;13,697807;
14/10/2020 10:35:15;23,510518;23,458871;23,897873;13,697807;
14/10/2020 10:35:15;23,536342;23,458871;23,897873;13,702971;
14/10/2020 10:35:15;23,510518;23,458871;23,897873;13,702971;
14/10/2020 10:35:15;23,510518;23,458871;23,897873;13,708136;
14/10/2020 10:35:15;23,510518;23,458871;23,897873;13,713301;
14/10/2020 10:35:15;23,536342;23,458871;23,897873;13,718466;
14/10/2020 10:35:15;23,510518;23,433047;23,872049;10,945007;
14/10/2020 10:35:15;23,536342;23,433047;23,897873;9,932721;
14/10/2020 10:35:15;23,510518;23,433047;23,897873;13,646159;
14/10/2020 10:35:15;23,510518;23,433047;23,897873;13,713301;
14/10/2020 10:35:15;23,510518;23,458871;23,897873;13,713301;
14/10/2020 10:35:15;23,510518;23,484695;23,897873;13,708136;
14/10/2020 10:35:15;23,510518;23,510518;23,872049;13,702971;
14/10/2020 10:35:15;23,510518;23,510518;23,897873;13,697807;
14/10/2020 10:35:15;23,510518;23,510518;23,897873;13,692642;
14/10/2020 10:35:15;23,510518;23,510518;23,897873;13,640995;
14/10/2020 10:35:15;23,510518;23,484695;23,897873;10,376887;
14/10/2020 10:35:15;23,510518;23,484695;23,897873;11,099949;
14/10/2020 10:35:16;23,510518;23,510518;23,897873;13,687477;
14/10/2020 10:35:16;23,510518;23,510518;23,897873;13,697807;
14/10/2020 10:35:16;23,510518;23,484695;23,897873;13,697807;
14/10/2020 10:35:16;23,510518;23,510518;23,897873;13,702971;
14/10/2020 10:35:16;23,536342;23,510518;23,897873;13,702971;
14/10/2020 10:35:16;23,536342;23,484695;23,897873;10,010192;
14/10/2020 10:35:16;23,510518;23,484695;23,897873;13,713301;
14/10/2020 10:35:16;23,510518;23,510518;23,897873;13,713301;
14/10/2020 10:35:16;23,536342;23,510518;23,897873;10,283922;
14/10/2020 10:35:16;23,510518;23,484695;23,897873;9,844921;
14/10/2020 10:35:16;23,536342;23,510518;23,897873;13,708136;
14/10/2020 10:35:16;23,510518;23,484695;23,872049;13,697807;
14/10/2020 10:35:16;23,536342;23,484695;23,897873;13,702971;
14/10/2020 10:35:16;23,536342;23,510518;23,897873;13,702971;
14/10/2020 10:35:16;23,510518;23,510518;23,872049;13,697807;
14/10/2020 10:35:16;23,536342;23,484695;23,897873;13,692642;
14/10/2020 10:35:16;23,536342;23,484695;23,897873;10,366558;
14/10/2020 10:35:16;23,536342;23,458871;23,872049;11,027643;
14/10/2020 10:35:16;23,536342;23,484695;23,897873;13,475723;
14/10/2020 10:35:16;23,536342;23,458871;23,872049;13,697807;
14/10/2020 10:35:16;23,536342;23,458871;23,872049;13,702971;
14/10/2020 10:35:16;23,536342;23,484695;23,872049;13,702971;
14/10/2020 10:35:16;23,536342;23,458871;23,872049;13,708136;
14/10/2020 10:35:16;23,536342;23,458871;23,897873;13,713301;
14/10/2020 10:35:16;23,536342;23,484695;23,897873;13,713301;
14/10/2020 10:35:16;23,536342;23,484695;23,872049;13,718466;
14/10/2020 10:35:16;23,536342;23,484695;23,872049;10,893360;
14/10/2020 10:35:16;23,536342;23,484695;23,872049;10,521500;
14/10/2020 10:35:16;23,536342;23,484695;23,897873;13,687477;
14/10/2020 10:35:16;23,536342;23,510518;23,897873;13,713301;
14/10/2020 10:35:16;23,536342;23,510518;23,872049;13,708136;
14/10/2020 10:35:16;23,536342;23,510518;23,846225;13,708136;
14/10/2020 10:35:16;23,536342;23,510518;23,846225;13,702971;
14/10/2020 10:35:16;23,510518;23,510518;23,872049;13,702971;
14/10/2020 10:35:16;23,510518;23,510518;23,872049;13,697807;
14/10/2020 10:35:16;23,510518;23,510518;23,872049;13,687477;
14/10/2020 10:35:16;23,510518;23,510518;23,872049;10,629959;
14/10/2020 10:35:16;23,536342;23,510518;23,872049;11,962459;
14/10/2020 10:35:16;23,536342;23,510518;23,872049;13,692642;
14/10/2020 10:35:16;23,536342;23,510518;23,872049;13,697807;
14/10/2020 10:35:16;23,536342;23,510518;23,872049;13,702971;
14/10/2020 10:35:16;23,536342;23,433047;23,872049;13,702971;
14/10/2020 10:35:16;23,536342;23,433047;23,872049;13,708136;
14/10/2020 10:35:16;23,536342;23,458871;23,872049;13,708136;
14/10/2020 10:35:16;23,536342;23,433047;23,872049;13,563524;
14/10/2020 10:35:16;23,536342;23,433047;23,872049;13,496382;
14/10/2020 10:35:16;23,536342;23,433047;23,872049;10,247769;
14/10/2020 10:35:16;23,536342;23,433047;23,872049;11,549280;
14/10/2020 10:35:17;23,536342;23,433047;23,897873;13,718466;
14/10/2020 10:35:17;23,536342;23,433047;23,872049;13,713301;
14/10/2020 10:35:17;23,536342;23,433047;23,897873;13,708136;
14/10/2020 10:35:17;23,536342;23,433047;23,872049;13,708136;
14/10/2020 10:35:17;23,536342;23,433047;23,897873;13,697807;
14/10/2020 10:35:17;23,536342;23,433047;23,897873;13,702971;
14/10/2020 10:35:17;23,536342;23,433047;23,897873;13,697807;
14/10/2020 10:35:17;23,536342;23,458871;23,897873;13,506712;
14/10/2020 10:35:17;23,536342;23,433047;23,872049;10,299417;
14/10/2020 10:35:17;23,536342;23,433047;23,872049;13,713301;
14/10/2020 10:35:17;23,536342;23,458871;23,872049;13,702971;
14/10/2020 10:35:17;23,536342;23,433047;23,872049;13,702971;
14/10/2020 10:35:17;23,536342;23,458871;23,872049;13,697807;
14/10/2020 10:35:17;23,510518;23,458871;23,872049;13,697807;
14/10/2020 10:35:17;23,510518;23,458871;23,872049;13,439570;
14/10/2020 10:35:17;23,536342;23,433047;23,872049;10,072169;
14/10/2020 10:35:17;23,536342;23,433047;23,872049;11,037972;
14/10/2020 10:35:17;23,536342;23,458871;23,897873;13,677148;
14/10/2020 10:35:17;23,510518;23,458871;23,897873;13,697807;
14/10/2020 10:35:17;23,536342;23,458871;23,897873;13,697807;
14/10/2020 10:35:17;23,536342;23,433047;23,897873;13,708136;
14/10/2020 10:35:17;23,510518;23,458871;23,897873;13,708136;
14/10/2020 10:35:17;23,536342;23,458871;23,897873;13,713301;
14/10/2020 10:35:17;23,536342;23,433047;23,897873;13,713301;
14/10/2020 10:35:17;23,536342;23,433047;23,897873;13,718466;
14/10/2020 10:35:17;23,510518;23,458871;23,897873;10,294252;
14/10/2020 10:35:17;23,510518;23,433047;23,897873;12,778485;
14/10/2020 10:35:17;23,510518;23,510518;23,897873;13,713301;
14/10/2020 10:35:17;23,510518;23,510518;23,897873;13,713301;
14/10/2020 10:35:17;23,510518;23,510518;23,897873;13,708136;
14/10/2020 10:35:17;23,510518;23,510518;23,897873;13,708136;
14/10/2020 10:35:17;23,510518;23,510518;23,897873;13,702971;
14/10/2020 10:35:17;23,510518;23,510518;23,897873;13,697807;
14/10/2020 10:35:17;23,510518;23,484695;23,897873;13,697807;
14/10/2020 10:35:17;23,510518;23,484695;23,897873;12,814638;
14/10/2020 10:35:17;23,510518;23,484695;23,897873;10,857207;
14/10/2020 10:35:17;23,510518;23,484695;23,897873;12,246518;
14/10/2020 10:35:17;23,536342;23,484695;23,897873;13,702971;
14/10/2020 10:35:17;23,536342;23,484695;23,897873;13,697807;
14/10/2020 10:35:17;23,536342;23,484695;23,897873;13,697807;
14/10/2020 10:35:17;23,536342;23,510518;23,897873;13,702971;
14/10/2020 10:35:17;23,536342;23,484695;23,897873;13,708136;
14/10/2020 10:35:17;23,536342;23,484695;23,897873;13,708136;
14/10/2020 10:35:17;23,536342;23,484695;23,897873;13,713301;
14/10/2020 10:35:17;23,510518;23,484695;23,897873;12,824968;
14/10/2020 10:35:17;23,510518;23,484695;23,897873;10,464688;
14/10/2020 10:35:18;23,510518;23,484695;23,897873;11,657740;
14/10/2020 10:35:18;23,536342;23,484695;23,897873;13,713301;
14/10/2020 10:35:18;23,536342;23,484695;23,897873;13,708136;
14/10/2020 10:35:18;23,510518;23,484695;23,897873;13,708136;
14/10/2020 10:35:18;23,510518;23,484695;23,897873;13,702971;
14/10/2020 10:35:18;23,510518;23,484695;23,897873;13,702971;
14/10/2020 10:35:18;23,510518;23,407224;23,897873;13,697807;
14/10/2020 10:35:18;23,510518;23,407224;23,897873;13,692642;
14/10/2020 10:35:18;23,510518;23,407224;23,897873;13,279464;
14/10/2020 10:35:18;23,510518;23,407224;23,897873;10,149639;
14/10/2020 10:35:18;23,510518;23,407224;23,897873;11,363350;
14/10/2020 10:35:18;23,510518;23,381400;23,897873;13,697807;
14/10/2020 10:35:18;23,510518;23,381400;23,897873;13,697807;
14/10/2020 10:35:18;23,510518;23,381400;23,897873;13,697807;
14/10/2020 10:35:18;23,510518;23,381400;23,897873;13,708136;
14/10/2020 10:35:18;23,510518;23,381400;23,897873;13,708136;
14/10/2020 10:35:18;23,510518;23,381400;23,897873;13,713301;
14/10/2020 10:35:18;23,510518;23,407224;23,897873;13,713301;
14/10/2020 10:35:18;23,510518;23,458871;23,897873;11,761034;
14/10/2020 10:35:18;23,510518;23,484695;23,897873;10,252934;
14/10/2020 10:35:18;23,510518;23,484695;23,897873;13,713301;
14/10/2020 10:35:18;23,510518;23,484695;23,897873;13,713301;
14/10/2020 10:35:18;23,510518;23,484695;23,872049;13,713301;
14/10/2020 10:35:18;23,510518;23,484695;23,897873;13,713301;
14/10/2020 10:35:18;23,510518;23,484695;23,897873;13,702971;
14/10/2020 10:35:18;23,484695;23,484695;23,897873;13,702971;
14/10/2020 10:35:18;23,510518;23,484695;23,897873;13,697807;
14/10/2020 10:35:18;23,510518;23,484695;23,897873;13,692642;
14/10/2020 10:35:18;23,510518;23,484695;23,897873;11,569939;
14/10/2020 10:35:18;23,510518;23,484695;23,897873;10,480182;
14/10/2020 10:35:18;23,510518;23,484695;23,872049;12,473766;
14/10/2020 10:35:18;23,510518;23,484695;23,872049;13,692642;
14/10/2020 10:35:18;23,510518;23,484695;23,872049;13,692642;
14/10/2020 10:35:18;23,510518;23,484695;23,872049;13,718466;
14/10/2020 10:35:18;23,510518;23,484695;23,872049;13,708136;
14/10/2020 10:35:18;23,510518;23,484695;23,872049;13,708136;
14/10/2020 10:35:18;23,510518;23,484695;23,872049;13,713301;
14/10/2020 10:35:18;23,510518;23,484695;23,872049;13,315617;
14/10/2020 10:35:18;23,510518;23,484695;23,872049;10,475017;
14/10/2020 10:35:18;23,484695;23,484695;23,872049;12,050259;
14/10/2020 10:35:18;23,510518;23,484695;23,872049;13,713301;
14/10/2020 10:35:18;23,484695;23,484695;23,872049;13,713301;
14/10/2020 10:35:18;23,510518;23,458871;23,846225;13,702971;
14/10/2020 10:35:18;23,510518;23,484695;23,846225;13,697807;
14/10/2020 10:35:18;23,484695;23,484695;23,872049;13,697807;
14/10/2020 10:35:18;23,510518;23,484695;23,846225;13,697807;
14/10/2020 10:35:18;23,510518;23,484695;23,872049;12,489261;
14/10/2020 10:35:19;23,510518;23,484695;23,872049;10,490511;
14/10/2020 10:35:19;23,510518;23,484695;23,846225;11,946964;
14/10/2020 10:35:19;23,510518;23,484695;23,872049;13,697807;
14/10/2020 10:35:19;23,484695;23,484695;23,846225;13,697807;
14/10/2020 10:35:19;23,510518;23,484695;23,846225;13,702971;
14/10/2020 10:35:19;23,510518;23,484695;23,872049;13,702971;
14/10/2020 10:35:19;23,484695;23,484695;23,872049;13,708136;
14/10/2020 10:35:19;23,484695;23,484695;23,872049;13,713301;
14/10/2020 10:35:19;23,484695;23,407224;23,846225;13,713301;
14/10/2020 10:35:19;23,510518;23,407224;23,846225;11,440821;
14/10/2020 10:35:19;23,510518;23,433047;23,872049;10,413041;
14/10/2020 10:35:19;23,484695;23,407224;23,872049;12,969580;
14/10/2020 10:35:19;23,484695;23,407224;23,872049;13,718466;
14/10/2020 10:35:19;23,484695;23,407224;23,872049;13,713301;
14/10/2020 10:35:19;23,484695;23,407224;23,872049;13,713301;
14/10/2020 10:35:19;23,484695;23,407224;23,872049;13,702971;
14/10/2020 10:35:19;23,484695;23,407224;23,872049;13,697807;
14/10/2020 10:35:19;23,484695;23,407224;23,872049;13,702971;
14/10/2020 10:35:19;23,484695;23,484695;23,872049;13,697807;
14/10/2020 10:35:19;23,484695;23,484695;23,872049;11,203244;
14/10/2020 10:35:19;23,484695;23,484695;23,872049;13,083204;
14/10/2020 10:35:19;23,484695;23,484695;23,897873;12,644202;
14/10/2020 10:35:19;23,484695;23,484695;23,872049;13,697807;
14/10/2020 10:35:19;23,484695;23,484695;23,897873;13,697807;
14/10/2020 10:35:19;23,484695;23,484695;23,872049;13,702971;
14/10/2020 10:35:19;23,484695;23,484695;23,872049;13,702971;
14/10/2020 10:35:19;23,484695;23,484695;23,872049;13,708136;
14/10/2020 10:35:19;23,510518;23,484695;23,872049;13,713301;
14/10/2020 10:35:19;23,510518;23,484695;23,872049;13,713301;
14/10/2020 10:35:19;23,510518;23,484695;23,897873;12,303330;
14/10/2020 10:35:19;23,510518;23,484695;23,897873;10,650618;
14/10/2020 10:35:19;23,510518;23,484695;23,897873;12,886945;
14/10/2020 10:35:19;23,510518;23,484695;23,897873;13,718466;
14/10/2020 10:35:19;23,510518;23,484695;23,897873;13,713301;
14/10/2020 10:35:19;23,510518;23,484695;23,872049;13,708136;
14/10/2020 10:35:19;23,510518;23,484695;23,897873;13,702971;
14/10/2020 10:35:19;23,510518;23,484695;23,897873;13,702971;
14/10/2020 10:35:19;23,510518;23,484695;23,872049;13,697807;
14/10/2020 10:35:19;23,510518;23,458871;23,897873;13,697807;
14/10/2020 10:35:19;23,484695;23,484695;23,897873;11,611257;
14/10/2020 10:35:19;23,484695;23,484695;23,897873;10,965666;
14/10/2020 10:35:19;23,484695;23,484695;23,897873;13,692642;
14/10/2020 10:35:19;23,484695;23,510518;23,897873;13,697807;
14/10/2020 10:35:19;23,484695;23,484695;23,897873;13,697807;
14/10/2020 10:35:19;23,510518;23,484695;23,872049;13,702971;
14/10/2020 10:35:19;23,484695;23,510518;23,897873;13,702971;
14/10/2020 10:35:19;23,484695;23,510518;23,897873;13,713301;
14/10/2020 10:35:19;23,510518;23,510518;23,897873;13,713301;
14/10/2020 10:35:20;23,510518;23,484695;23,897873;13,718466;
14/10/2020 10:35:20;23,484695;23,484695;23,897873;11,497633;
14/10/2020 10:35:20;23,484695;23,484695;23,897873;10,562818;
14/10/2020 10:35:20;23,510518;23,484695;23,897873;12,917933;
14/10/2020 10:35:20;23,484695;23,510518;23,872049;13,713301;
14/10/2020 10:35:20;23,510518;23,510518;23,897873;13,708136;
14/10/2020 10:35:20;23,484695;23,484695;23,897873;13,708136;
14/10/2020 10:35:20;23,484695;23,407224;23,897873;13,702971;
14/10/2020 10:35:20;23,510518;23,407224;23,897873;13,702971;
14/10/2020 10:35:20;23,510518;23,407224;23,872049;13,692642;
14/10/2020 10:35:20;23,510518;23,433047;23,872049;13,692642;
14/10/2020 10:35:20;23,510518;23,407224;23,872049;10,536994;
14/10/2020 10:35:20;23,484695;23,407224;23,897873;10,893360;
14/10/2020 10:35:20;23,484695;23,407224;23,897873;13,697807;
14/10/2020 10:35:20;23,484695;23,407224;23,872049;13,697807;
14/10/2020 10:35:20;23,484695;23,433047;23,897873;13,697807;
14/10/2020 10:35:20;23,484695;23,433047;23,897873;13,702971;
14/10/2020 10:35:20;23,484695;23,407224;23,872049;13,708136;
14/10/2020 10:35:20;23,484695;23,433047;23,897873;13,708136;
14/10/2020 10:35:20;23,484695;23,433047;23,872049;13,713301;
14/10/2020 10:35:20;23,484695;23,433047;23,872049;13,708136;
14/10/2020 10:35:20;23,484695;23,433047;23,872049;12,530578;
14/10/2020 10:35:20;23,484695;23,433047;23,872049;10,645453;
14/10/2020 10:35:20;23,484695;23,433047;23,872049;12,282672;
14/10/2020 10:35:20;23,510518;23,433047;23,872049;13,713301;
14/10/2020 10:35:20;23,484695;23,433047;23,872049;13,713301;
14/10/2020 10:35:20;23,484695;23,433047;23,872049;13,713301;
14/10/2020 10:35:20;23,510518;23,433047;23,872049;13,697807;
14/10/2020 10:35:20;23,510518;23,433047;23,872049;13,697807;
14/10/2020 10:35:20;23,510518;23,458871;23,872049;13,697807;
14/10/2020 10:35:20;23,510518;23,458871;23,872049;13,697807;
14/10/2020 10:35:20;23,510518;23,458871;23,872049;11,363350;
14/10/2020 10:35:20;23,510518;23,458871;23,872049;10,526665;
14/10/2020 10:35:20;23,510518;23,458871;23,872049;11,957294;
14/10/2020 10:35:20;23,510518;23,458871;23,872049;13,697807;
14/10/2020 10:35:20;23,510518;23,458871;23,872049;13,702971;
14/10/2020 10:35:20;23,510518;23,458871;23,872049;13,702971;
14/10/2020 10:35:20;23,510518;23,458871;23,872049;13,708136;
14/10/2020 10:35:20;23,510518;23,458871;23,872049;13,708136;
14/10/2020 10:35:20;23,510518;23,458871;23,872049;13,708136;
14/10/2020 10:35:20;23,510518;23,458871;23,872049;13,713301;
14/10/2020 10:35:20;23,510518;23,407224;23,872049;11,869493;
14/10/2020 10:35:20;23,510518;23,407224;23,872049;10,407876;
14/10/2020 10:35:20;23,510518;23,407224;23,872049;12,416954;
14/10/2020 10:35:20;23,510518;23,407224;23,872049;13,718466;
14/10/2020 10:35:20;23,510518;23,407224;23,872049;13,713301;
14/10/2020 10:35:20;23,510518;23,407224;23,897873;13,708136;
14/10/2020 10:35:20;23,510518;23,407224;23,872049;13,708136;
14/10/2020 10:35:21;23,510518;23,407224;23,872049;13,697807;
14/10/2020 10:35:21;23,510518;23,407224;23,897873;13,702971;
14/10/2020 10:35:21;23,510518;23,407224;23,872049;13,692642;
14/10/2020 10:35:21;23,484695;23,407224;23,872049;10,041180;
14/10/2020 10:35:21;23,510518;23,407224;23,872049;10,914019;
14/10/2020 10:35:21;23,510518;23,407224;23,897873;12,618379;
14/10/2020 10:35:21;23,484695;23,407224;23,872049;13,702971;
14/10/2020 10:35:21;23,510518;23,433047;23,872049;13,702971;
14/10/2020 10:35:21;23,510518;23,433047;23,872049;13,692642;
14/10/2020 10:35:21;23,484695;23,433047;23,897873;13,713301;
14/10/2020 10:35:21;23,510518;23,433047;23,872049;13,708136;
14/10/2020 10:35:21;23,510518;23,433047;23,897873;13,708136;
14/10/2020 10:35:21;23,510518;23,433047;23,897873;13,718466;
14/10/2020 10:35:21;23,510518;23,433047;23,897873;11,637081;
14/10/2020 10:35:21;23,510518;23,433047;23,872049;10,676442;
14/10/2020 10:35:21;23,484695;23,433047;23,872049;12,861121;
14/10/2020 10:35:21;23,484695;23,433047;23,872049;13,713301;
14/10/2020 10:35:21;23,484695;23,484695;23,872049;13,713301;
14/10/2020 10:35:21;23,484695;23,484695;23,897873;13,708136;
14/10/2020 10:35:21;23,484695;23,484695;23,897873;13,702971;
14/10/2020 10:35:21;23,484695;23,484695;23,872049;13,697807;
14/10/2020 10:35:21;23,484695;23,484695;23,872049;13,697807;
14/10/2020 10:35:21;23,484695;23,484695;23,872049;10,660947;
14/10/2020 10:35:21;23,484695;23,484695;23,872049;10,072169;
14/10/2020 10:35:21;23,484695;23,484695;23,872049;12,127730;
14/10/2020 10:35:21;23,484695;23,484695;23,872049;13,697807;
14/10/2020 10:35:21;23,510518;23,484695;23,872049;13,697807;
14/10/2020 10:35:21;23,510518;23,484695;23,872049;13,697807;
14/10/2020 10:35:21;23,510518;23,484695;23,872049;13,708136;
14/10/2020 10:35:21;23,510518;23,458871;23,872049;13,708136;
14/10/2020 10:35:21;23,510518;23,458871;23,897873;13,713301;
14/10/2020 10:35:21;23,510518;23,458871;23,897873;13,718466;
14/10/2020 10:35:21;23,510518;23,458871;23,897873;11,507963;
14/10/2020 10:35:21;23,510518;23,458871;23,897873;10,624794;
14/10/2020 10:35:21;23,510518;23,458871;23,897873;12,556402;
14/10/2020 10:35:21;23,510518;23,458871;23,897873;13,718466;
14/10/2020 10:35:21;23,510518;23,458871;23,897873;13,713301;
14/10/2020 10:35:21;23,510518;23,484695;23,897873;13,713301;
14/10/2020 10:35:21;23,510518;23,458871;23,872049;13,708136;
14/10/2020 10:35:21;23,536342;23,458871;23,897873;13,702971;
14/10/2020 10:35:21;23,510518;23,510518;23,872049;13,702971;
14/10/2020 10:35:21;23,510518;23,484695;23,872049;13,692642;
14/10/2020 10:35:21;23,536342;23,510518;23,897873;10,883031;
14/10/2020 10:35:21;23,536342;23,510518;23,897873;13,697807;
14/10/2020 10:35:21;23,510518;23,510518;23,897873;12,220695;
14/10/2020 10:35:21;23,510518;23,510518;23,897873;13,697807;
14/10/2020 10:35:21;23,536342;23,484695;23,897873;13,697807;
14/10/2020 10:35:22;23,510518;23,484695;23,897873;13,702971;
14/10/2020 10:35:22;23,536342;23,484695;23,897873;13,702971;
14/10/2020 10:35:22;23,510518;23,510518;23,897873;13,708136;
14/10/2020 10:35:22;23,510518;23,484695;23,897873;12,138059;
14/10/2020 10:35:22;23,510518;23,510518;23,897873;13,713301;
14/10/2020 10:35:22;23,510518;23,484695;23,897873;13,062545;
14/10/2020 10:35:22;23,510518;23,484695;23,897873;10,681606;
14/10/2020 10:35:22;23,510518;23,458871;23,897873;12,762991;
14/10/2020 10:35:22;23,510518;23,458871;23,897873;13,718466;
14/10/2020 10:35:22;23,510518;23,458871;23,872049;13,713301;
14/10/2020 10:35:22;23,510518;23,458871;23,872049;13,708136;
14/10/2020 10:35:22;23,510518;23,458871;23,846225;13,702971;
14/10/2020 10:35:22;23,510518;23,484695;23,872049;13,697807;
14/10/2020 10:35:22;23,510518;23,458871;23,872049;13,697807;
14/10/2020 10:35:22;23,510518;23,458871;23,872049;11,120608;
14/10/2020 10:35:22;23,510518;23,458871;23,872049;11,750705;
14/10/2020 10:35:22;23,484695;23,458871;23,872049;10,268428;
14/10/2020 10:35:22;23,484695;23,458871;23,872049;13,589347;
14/10/2020 10:35:22;23,484695;23,458871;23,872049;13,692642;
14/10/2020 10:35:22;23,510518;23,510518;23,872049;13,697807;
14/10/2020 10:35:22;23,510518;23,510518;23,872049;13,702971;
14/10/2020 10:35:22;23,484695;23,510518;23,897873;13,713301;
14/10/2020 10:35:22;23,484695;23,484695;23,897873;13,697807;
14/10/2020 10:35:22;23,510518;23,510518;23,897873;11,301374;
14/10/2020 10:35:22;23,510518;23,510518;23,897873;11,802352;
14/10/2020 10:35:22;23,510518;23,484695;23,897873;13,713301;
14/10/2020 10:35:22;23,510518;23,510518;23,897873;13,713301;
14/10/2020 10:35:22;23,510518;23,510518;23,897873;13,708136;
14/10/2020 10:35:22;23,484695;23,484695;23,897873;13,708136;
14/10/2020 10:35:22;23,510518;23,433047;23,897873;13,702971;
14/10/2020 10:35:22;23,510518;23,433047;23,872049;13,697807;
14/10/2020 10:35:22;23,484695;23,433047;23,872049;10,061839;
14/10/2020 10:35:22;23,484695;23,433047;23,872049;11,192914;
14/10/2020 10:35:22;23,484695;23,433047;23,872049;10,428535;
14/10/2020 10:35:22;23,484695;23,433047;23,872049;12,437613;
14/10/2020 10:35:22;23,510518;23,433047;23,872049;13,697807;
14/10/2020 10:35:22;23,484695;23,433047;23,872049;13,697807;
14/10/2020 10:35:22;23,510518;23,433047;23,872049;13,702971;
14/10/2020 10:35:22;23,510518;23,433047;23,872049;13,702971;
14/10/2020 10:35:22;23,510518;23,433047;23,872049;13,708136;
14/10/2020 10:35:22;23,510518;23,433047;23,872049;13,713301;
14/10/2020 10:35:22;23,484695;23,484695;23,872049;13,713301;
14/10/2020 10:35:22;23,510518;23,484695;23,872049;11,291044;
14/10/2020 10:35:22;23,510518;23,484695;23,872049;10,077333;
14/10/2020 10:35:22;23,484695;23,484695;23,872049;13,057381;
14/10/2020 10:35:22;23,484695;23,458871;23,872049;13,713301;
14/10/2020 10:35:22;23,510518;23,484695;23,872049;13,708136;
14/10/2020 10:35:22;23,484695;23,484695;23,872049;13,708136;
14/10/2020 10:35:23;23,510518;23,484695;23,872049;13,708136;
14/10/2020 10:35:23;23,484695;23,484695;23,872049;13,702971;
14/10/2020 10:35:23;23,510518;23,484695;23,872049;13,697807;
14/10/2020 10:35:23;23,484695;23,484695;23,872049;13,697807;
14/10/2020 10:35:23;23,510518;23,484695;23,872049;11,451151;
14/10/2020 10:35:23;23,484695;23,484695;23,872049;9,953380;
14/10/2020 10:35:23;23,484695;23,484695;23,872049;13,671983;
14/10/2020 10:35:23;23,484695;23,484695;23,897873;13,702971;
14/10/2020 10:35:23;23,484695;23,484695;23,897873;13,697807;
14/10/2020 10:35:23;23,484695;23,484695;23,897873;13,702971;
14/10/2020 10:35:23;23,510518;23,484695;23,897873;13,697807;
14/10/2020 10:35:23;23,484695;23,484695;23,897873;13,708136;
14/10/2020 10:35:23;23,484695;23,484695;23,872049;13,713301;
14/10/2020 10:35:23;23,510518;23,484695;23,897873;13,718466;
14/10/2020 10:35:23;23,484695;23,484695;23,897873;11,807517;
14/10/2020 10:35:23;23,510518;23,484695;23,897873;9,715802;
14/10/2020 10:35:23;23,484695;23,433047;23,897873;12,561567;
14/10/2020 10:35:23;23,510518;23,458871;23,897873;13,713301;
14/10/2020 10:35:23;23,510518;23,433047;23,897873;13,708136;
14/10/2020 10:35:23;23,510518;23,433047;23,897873;13,708136;
14/10/2020 10:35:23;23,510518;23,458871;23,872049;13,702971;
14/10/2020 10:35:23;23,484695;23,458871;23,897873;13,697807;
14/10/2020 10:35:23;23,510518;23,433047;23,872049;13,702971;
14/10/2020 10:35:23;23,510518;23,433047;23,897873;13,718466;
14/10/2020 10:35:23;23,510518;23,458871;23,872049;10,660947;
14/10/2020 10:35:23;23,510518;23,433047;23,872049;12,091577;
14/10/2020 10:35:23;23,510518;23,458871;23,872049;13,713301;
14/10/2020 10:35:23;23,484695;23,458871;23,897873;13,713301;
14/10/2020 10:35:23;23,510518;23,458871;23,897873;13,708136;
14/10/2020 10:35:23;23,510518;23,458871;23,897873;13,702971;
14/10/2020 10:35:23;23,510518;23,458871;23,897873;13,702971;
14/10/2020 10:35:23;23,510518;23,458871;23,897873;13,697807;
14/10/2020 10:35:23;23,510518;23,458871;23,897873;13,279464;
14/10/2020 10:35:23;23,510518;23,458871;23,872049;11,575104;
14/10/2020 10:35:23;23,484695;23,458871;23,872049;13,697807;
14/10/2020 10:35:23;23,510518;23,458871;23,897873;12,504755;
14/10/2020 10:35:23;23,484695;23,458871;23,897873;13,697807;
14/10/2020 10:35:23;23,510518;23,458871;23,897873;13,692642;
14/10/2020 10:35:23;23,484695;23,458871;23,872049;13,883737;
14/10/2020 10:35:23;23,484695;23,458871;23,897873;13,702971;
14/10/2020 10:35:23;23,510518;23,433047;23,897873;13,708136;
14/10/2020 10:35:23;23,510518;23,433047;23,897873;13,713301;
14/10/2020 10:35:23;23,510518;23,433047;23,897873;13,718466;
14/10/2020 10:35:23;23,484695;23,433047;23,897873;12,122565;
14/10/2020 10:35:23;23,484695;23,433047;23,897873;10,733254;
14/10/2020 10:35:23;23,510518;23,433047;23,897873;12,174212;
14/10/2020 10:35:23;23,484695;23,433047;23,897873;13,718466;
14/10/2020 10:35:24;23,510518;23,433047;23,897873;13,708136;
14/10/2020 10:35:24;23,484695;23,433047;23,897873;13,708136;
14/10/2020 10:35:24;23,484695;23,433047;23,897873;13,702971;
14/10/2020 10:35:24;23,510518;23,407224;23,897873;13,702971;
14/10/2020 10:35:24;23,510518;23,433047;23,897873;13,697807;
14/10/2020 10:35:24;23,510518;23,433047;23,897873;13,697807;
14/10/2020 10:35:24;23,484695;23,433047;23,897873;11,786858;
14/10/2020 10:35:24;23,484695;23,433047;23,897873;10,294252;
14/10/2020 10:35:24;23,484695;23,433047;23,872049;12,566732;
14/10/2020 10:35:24;23,484695;23,433047;23,846225;13,692642;
14/10/2020 10:35:24;23,484695;23,433047;23,872049;13,702971;
14/10/2020 10:35:24;23,484695;23,458871;23,872049;13,702971;
14/10/2020 10:35:24;23,484695;23,433047;23,872049;13,708136;
14/10/2020 10:35:24;23,484695;23,433047;23,872049;13,708136;
14/10/2020 10:35:24;23,484695;23,433047;23,872049;13,713301;
14/10/2020 10:35:24;23,484695;23,433047;23,872049;13,713301;
14/10/2020 10:35:24;23,510518;23,433047;23,872049;10,914019;
14/10/2020 10:35:24;23,510518;23,407224;23,872049;10,159969;
14/10/2020 10:35:24;23,510518;23,407224;23,872049;12,830133;
14/10/2020 10:35:24;23,484695;23,433047;23,872049;13,744289;
14/10/2020 10:35:24;23,484695;23,407224;23,872049;13,713301;
14/10/2020 10:35:24;23,484695;23,407224;23,872049;13,708136;
14/10/2020 10:35:24;23,510518;23,407224;23,872049;13,702971;
14/10/2020 10:35:24;23,484695;23,407224;23,846225;13,702971;
14/10/2020 10:35:24;23,484695;23,433047;23,872049;13,697807;
14/10/2020 10:35:24;23,484695;23,433047;23,846225;13,697807;
14/10/2020 10:35:24;23,510518;23,407224;23,846225;10,950172;
14/10/2020 10:35:24;23,484695;23,433047;23,846225;11,032808;
14/10/2020 10:35:24;23,484695;23,433047;23,872049;13,078039;
14/10/2020 10:35:24;23,484695;23,433047;23,846225;13,692642;
14/10/2020 10:35:24;23,484695;23,433047;23,897873;13,697807;
14/10/2020 10:35:24;23,484695;23,433047;23,897873;13,702971;
14/10/2020 10:35:24;23,484695;23,433047;23,897873;13,708136;
14/10/2020 10:35:24;23,484695;23,433047;23,897873;13,708136;
14/10/2020 10:35:24;23,484695;23,433047;23,897873;13,713301;
14/10/2020 10:35:24;23,484695;23,433047;23,897873;13,713301;
14/10/2020 10:35:24;23,484695;23,433047;23,897873;12,592555;
14/10/2020 10:35:24;23,484695;23,433047;23,897873;9,958545;
14/10/2020 10:35:24;23,484695;23,433047;23,872049;13,713301;
14/10/2020 10:35:24;23,484695;23,433047;23,897873;13,702971;
14/10/2020 10:35:24;23,484695;23,433047;23,897873;13,697807;
14/10/2020 10:35:24;23,484695;23,433047;23,872049;13,702971;
14/10/2020 10:35:24;23,510518;23,433047;23,846225;11,332362;
14/10/2020 10:35:24;23,484695;23,433047;23,872049;10,516335;
14/10/2020 10:35:24;23,510518;23,433047;23,872049;13,026392;
14/10/2020 10:35:24;23,484695;23,433047;23,846225;13,697807;
14/10/2020 10:35:24;23,484695;23,433047;23,872049;13,697807;
14/10/2020 10:35:25;23,484695;23,433047;23,872049;13,702971;
14/10/2020 10:35:25;23,510518;23,433047;23,872049;13,702971;
14/10/2020 10:35:25;23,484695;23,433047;23,846225;13,708136;
14/10/2020 10:35:25;23,484695;23,433047;23,846225;13,713301;
14/10/2020 10:35:25;23,484695;23,433047;23,846225;13,713301;
14/10/2020 10:35:25;23,484695;23,433047;23,872049;11,291044;
14/10/2020 10:35:25;23,484695;23,433047;23,872049;12,091577;
14/10/2020 10:35:25;23,484695;23,433047;23,872049;10,469853;
14/10/2020 10:35:25;23,484695;23,484695;23,872049;12,701014;
14/10/2020 10:35:25;23,484695;23,484695;23,872049;13,718466;
14/10/2020 10:35:25;23,484695;23,484695;23,872049;13,713301;
14/10/2020 10:35:25;23,484695;23,484695;23,872049;13,708136;
14/10/2020 10:35:25;23,484695;23,484695;23,872049;13,702971;
14/10/2020 10:35:25;23,484695;23,484695;23,872049;13,702971;
14/10/2020 10:35:25;23,484695;23,484695;23,872049;13,692642;
14/10/2020 10:35:25;23,484695;23,484695;23,872049;11,502798;
14/10/2020 10:35:25;23,510518;23,484695;23,872049;10,536994;
14/10/2020 10:35:25;23,510518;23,510518;23,872049;12,556402;
14/10/2020 10:35:25;23,510518;23,433047;23,872049;13,697807;
14/10/2020 10:35:25;23,510518;23,433047;23,872049;13,697807;
14/10/2020 10:35:25;23,510518;23,433047;23,897873;13,697807;
14/10/2020 10:35:25;23,510518;23,433047;23,897873;13,708136;
14/10/2020 10:35:25;23,510518;23,433047;23,897873;13,713301;
14/10/2020 10:35:25;23,510518;23,433047;23,897873;13,713301;
14/10/2020 10:35:25;23,510518;23,433047;23,897873;13,718466;
14/10/2020 10:35:25;23,510518;23,433047;23,897873;11,812681;
14/10/2020 10:35:25;23,484695;23,433047;23,897873;10,392382;
14/10/2020 10:35:25;23,484695;23,433047;23,897873;12,602885;
14/10/2020 10:35:25;23,510518;23,433047;23,897873;13,713301;
14/10/2020 10:35:25;23,484695;23,458871;23,897873;13,708136;
14/10/2020 10:35:25;23,484695;23,484695;23,897873;13,708136;
14/10/2020 10:35:25;23,484695;23,458871;23,897873;13,697807;
14/10/2020 10:35:25;23,484695;23,458871;23,897873;13,697807;
14/10/2020 10:35:25;23,484695;23,458871;23,897873;13,697807;
14/10/2020 10:35:25;23,484695;23,458871;23,897873;13,697807;
14/10/2020 10:35:25;23,484695;23,458871;23,897873;11,234232;
14/10/2020 10:35:25;23,484695;23,458871;23,897873;10,211616;
14/10/2020 10:35:25;23,484695;23,458871;23,897873;12,344648;
14/10/2020 10:35:25;23,484695;23,458871;23,897873;13,697807;
14/10/2020 10:35:25;23,510518;23,458871;23,897873;13,702971;
14/10/2020 10:35:25;23,510518;23,458871;23,897873;13,702971;
14/10/2020 10:35:25;23,510518;23,458871;23,897873;13,702971;
14/10/2020 10:35:25;23,510518;23,458871;23,897873;13,708136;
14/10/2020 10:35:25;23,510518;23,458871;23,897873;13,713301;
14/10/2020 10:35:25;23,510518;23,458871;23,897873;13,713301;
14/10/2020 10:35:25;23,510518;23,458871;23,897873;11,709387;
14/10/2020 10:35:25;23,510518;23,458871;23,897873;10,046345;
14/10/2020 10:35:25;23,510518;23,458871;23,897873;12,768156;
14/10/2020 10:35:26;23,510518;23,458871;23,897873;13,718466;
14/10/2020 10:35:26;23,510518;23,458871;23,897873;13,708136;
14/10/2020 10:35:26;23,510518;23,458871;23,897873;13,713301;
14/10/2020 10:35:26;23,484695;23,458871;23,897873;13,708136;
14/10/2020 10:35:26;23,484695;23,458871;23,897873;13,702971;
14/10/2020 10:35:26;23,484695;23,433047;23,897873;13,697807;
14/10/2020 10:35:26;23,484695;23,458871;23,897873;13,697807;
14/10/2020 10:35:26;23,484695;23,433047;23,897873;13,697807;
14/10/2020 10:35:26;23,484695;23,433047;23,872049;13,702971;
14/10/2020 10:35:26;23,458871;23,433047;23,872049;13,702971;
14/10/2020 10:35:26;23,484695;23,433047;23,872049;13,708136;
14/10/2020 10:35:26;23,484695;23,407224;23,872049;13,708136;
14/10/2020 10:35:26;23,484695;23,407224;23,872049;13,708136;
14/10/2020 10:35:26;23,484695;23,407224;23,872049;13,713301;
14/10/2020 10:35:26;23,458871;23,433047;23,872049;11,177420;
14/10/2020 10:35:26;23,458871;23,407224;23,872049;10,862372;
14/10/2020 10:35:26;23,484695;23,433047;23,872049;13,713301;
14/10/2020 10:35:26;23,458871;23,433047;23,872049;13,713301;
14/10/2020 10:35:26;23,484695;23,407224;23,872049;13,713301;
14/10/2020 10:35:26;23,484695;23,433047;23,872049;10,387217;
14/10/2020 10:35:26;23,484695;23,433047;23,872049;10,676442;
14/10/2020 10:35:26;23,510518;23,433047;23,872049;13,429241;
14/10/2020 10:35:26;23,484695;23,433047;23,872049;13,708136;
14/10/2020 10:35:26;23,510518;23,433047;23,897873;13,708136;
14/10/2020 10:35:26;23,484695;23,433047;23,897873;13,708136;
14/10/2020 10:35:26;23,484695;23,458871;23,897873;13,702971;
14/10/2020 10:35:26;23,484695;23,458871;23,897873;13,702971;
14/10/2020 10:35:26;23,484695;23,433047;23,897873;13,702971;
14/10/2020 10:35:26;23,484695;23,458871;23,897873;13,697807;
14/10/2020 10:35:26;23,484695;23,433047;23,897873;10,655783;
14/10/2020 10:35:26;23,484695;23,458871;23,897873;13,697807;
14/10/2020 10:35:26;23,484695;23,458871;23,897873;13,651324;
14/10/2020 10:35:26;23,484695;23,458871;23,897873;13,697807;
14/10/2020 10:35:26;23,484695;23,458871;23,897873;13,702971;
14/10/2020 10:35:26;23,484695;23,484695;23,923696;13,702971;
14/10/2020 10:35:26;23,484695;23,484695;23,897873;13,702971;
14/10/2020 10:35:26;23,484695;23,484695;23,872049;13,702971;
14/10/2020 10:35:26;23,484695;23,484695;23,872049;13,708136;
14/10/2020 10:35:26;23,484695;23,484695;23,872049;13,713301;
14/10/2020 10:35:27;23,484695;23,484695;23,872049;13,718466;
14/10/2020 10:35:27;23,484695;23,484695;23,872049;11,755869;
14/10/2020 10:35:27;23,484695;23,484695;23,872049;10,123816;
14/10/2020 10:35:27;23,510518;23,484695;23,897873;12,540908;
14/10/2020 10:35:27;23,484695;23,484695;23,872049;13,713301;
14/10/2020 10:35:27;23,484695;23,484695;23,872049;13,713301;
14/10/2020 10:35:27;23,484695;23,484695;23,872049;13,708136;
14/10/2020 10:35:27;23,484695;23,484695;23,897873;13,708136;
14/10/2020 10:35:27;23,484695;23,484695;23,897873;13,702971;
14/10/2020 10:35:27;23,510518;23,484695;23,872049;13,692642;
14/10/2020 10:35:27;23,484695;23,484695;23,897873;13,692642;
14/10/2020 10:35:27;23,510518;23,484695;23,872049;9,922391;
14/10/2020 10:35:27;23,510518;23,484695;23,897873;10,728089;
14/10/2020 10:35:27;23,510518;23,484695;23,872049;13,140016;
14/10/2020 10:35:27;23,484695;23,484695;23,897873;13,697807;
14/10/2020 10:35:27;23,510518;23,484695;23,872049;13,697807;
14/10/2020 10:35:27;23,484695;23,484695;23,872049;13,697807;
14/10/2020 10:35:27;23,484695;23,484695;23,872049;13,708136;
14/10/2020 10:35:27;23,484695;23,458871;23,872049;13,708136;
14/10/2020 10:35:27;23,484695;23,458871;23,872049;13,713301;
14/10/2020 10:35:27;23,484695;23,458871;23,872049;13,713301;
14/10/2020 10:35:27;23,484695;23,458871;23,872049;10,593806;
14/10/2020 10:35:27;23,484695;23,458871;23,872049;10,531829;
14/10/2020 10:35:27;23,484695;23,458871;23,846225;12,556402;
14/10/2020 10:35:27;23,484695;23,458871;23,846225;13,713301;
14/10/2020 10:35:27;23,484695;23,458871;23,846225;13,713301;
14/10/2020 10:35:27;23,484695;23,458871;23,846225;13,708136;
14/10/2020 10:35:27;23,510518;23,458871;23,872049;13,702971;
14/10/2020 10:35:27;23,484695;23,458871;23,846225;13,702971;
14/10/2020 10:35:27;23,484695;23,458871;23,872049;13,697807;
14/10/2020 10:35:27;23,484695;23,458871;23,872049;13,697807;
14/10/2020 10:35:27;23,510518;23,458871;23,846225;11,652575;
14/10/2020 10:35:27;23,484695;23,458871;23,846225;10,475017;
14/10/2020 10:35:27;23,484695;23,484695;23,872049;13,176169;
14/10/2020 10:35:27;23,484695;23,458871;23,872049;13,697807;
14/10/2020 10:35:27;23,484695;23,458871;23,846225;13,702971;
14/10/2020 10:35:27;23,484695;23,458871;23,846225;13,702971;
14/10/2020 10:35:27;23,484695;23,458871;23,872049;13,702971;
14/10/2020 10:35:27;23,510518;23,458871;23,846225;13,713301;
14/10/2020 10:35:27;23,484695;23,458871;23,846225;13,713301;
14/10/2020 10:35:27;23,484695;23,484695;23,846225;13,713301;
14/10/2020 10:35:27;23,484695;23,433047;23,846225;11,337527;
14/10/2020 10:35:27;23,484695;23,407224;23,872049;10,030851;
14/10/2020 10:35:27;23,484695;23,433047;23,872049;13,238146;
14/10/2020 10:35:27;23,484695;23,433047;23,872049;13,718466;
14/10/2020 10:35:27;23,484695;23,433047;23,872049;10,593806;
14/10/2020 10:35:27;23,484695;23,433047;23,872049;13,697807;
14/10/2020 10:35:28;23,484695;23,433047;23,872049;13,697807;
14/10/2020 10:35:28;23,484695;23,433047;23,872049;13,708136;
14/10/2020 10:35:28;23,484695;23,433047;23,872049;13,713301;
14/10/2020 10:35:28;23,484695;23,407224;23,872049;13,713301;
14/10/2020 10:35:28;23,510518;23,433047;23,872049;13,713301;
14/10/2020 10:35:28;23,484695;23,407224;23,872049;12,411790;
14/10/2020 10:35:28;23,484695;23,433047;23,872049;10,211616;
14/10/2020 10:35:28;23,510518;23,433047;23,872049;12,360142;
14/10/2020 10:35:28;23,484695;23,433047;23,897873;13,713301;
14/10/2020 10:35:28;23,484695;23,433047;23,872049;13,713301;
14/10/2020 10:35:28;23,484695;23,433047;23,897873;13,713301;
14/10/2020 10:35:28;23,484695;23,433047;23,897873;13,702971;
14/10/2020 10:35:28;23,510518;23,433047;23,897873;13,702971;
14/10/2020 10:35:28;23,484695;23,433047;23,897873;13,697807;
14/10/2020 10:35:28;23,484695;23,433047;23,897873;13,697807;
14/10/2020 10:35:28;23,510518;23,433047;23,897873;11,838505;
14/10/2020 10:35:28;23,510518;23,433047;23,872049;10,945007;
14/10/2020 10:35:28;23,510518;23,484695;23,897873;13,119357;
14/10/2020 10:35:28;23,510518;23,484695;23,872049;13,692642;
14/10/2020 10:35:28;23,510518;23,484695;23,897873;13,702971;
14/10/2020 10:35:28;23,510518;23,484695;23,897873;13,697807;
14/10/2020 10:35:28;23,510518;23,484695;23,897873;13,708136;
14/10/2020 10:35:28;23,484695;23,484695;23,897873;13,708136;
14/10/2020 10:35:28;23,510518;23,484695;23,897873;13,620336;
14/10/2020 10:35:28;23,510518;23,484695;23,872049;13,713301;
14/10/2020 10:35:28;23,510518;23,510518;23,872049;11,859164;
14/10/2020 10:35:28;23,510518;23,510518;23,897873;10,067004;
14/10/2020 10:35:28;23,484695;23,484695;23,897873;13,305287;
14/10/2020 10:35:28;23,484695;23,484695;23,897873;13,713301;
14/10/2020 10:35:28;23,510518;23,458871;23,897873;13,713301;
14/10/2020 10:35:28;23,510518;23,458871;23,897873;13,708136;
14/10/2020 10:35:28;23,510518;23,433047;23,846225;13,708136;
14/10/2020 10:35:28;23,484695;23,458871;23,846225;13,697807;
14/10/2020 10:35:28;23,510518;23,433047;23,846225;13,697807;
14/10/2020 10:35:28;23,484695;23,433047;23,872049;13,697807;
14/10/2020 10:35:28;23,484695;23,458871;23,846225;10,955337;
14/10/2020 10:35:28;23,510518;23,458871;23,846225;10,304581;
14/10/2020 10:35:28;23,484695;23,433047;23,872049;13,584183;
14/10/2020 10:35:28;23,484695;23,433047;23,846225;13,697807;
14/10/2020 10:35:28;23,510518;23,458871;23,846225;13,697807;
14/10/2020 10:35:28;23,510518;23,433047;23,846225;13,702971;
14/10/2020 10:35:28;23,510518;23,433047;23,872049;13,702971;
14/10/2020 10:35:28;23,510518;23,433047;23,846225;13,708136;
14/10/2020 10:35:28;23,484695;23,407224;23,872049;13,718466;
14/10/2020 10:35:28;23,484695;23,433047;23,872049;13,718466;
14/10/2020 10:35:28;23,484695;23,433047;23,872049;10,655783;
14/10/2020 10:35:28;23,484695;23,407224;23,872049;10,438864;
14/10/2020 10:35:28;23,510518;23,407224;23,872049;12,804309;
14/10/2020 10:35:29;23,484695;23,433047;23,872049;13,718466;
14/10/2020 10:35:29;23,484695;23,433047;23,872049;13,713301;
14/10/2020 10:35:29;23,484695;23,433047;23,872049;13,708136;
14/10/2020 10:35:29;23,484695;23,433047;23,872049;13,702971;
14/10/2020 10:35:29;23,484695;23,433047;23,872049;13,697807;
14/10/2020 10:35:29;23,484695;23,407224;23,872049;13,697807;
14/10/2020 10:35:29;23,484695;23,458871;23,872049;13,692642;
14/10/2020 10:35:29;23,484695;23,458871;23,872049;11,187750;
14/10/2020 10:35:29;23,510518;23,458871;23,872049;10,846878;
14/10/2020 10:35:29;23,510518;23,458871;23,872049;13,640995;
14/10/2020 10:35:29;23,484695;23,458871;23,872049;13,697807;
14/10/2020 10:35:29;23,484695;23,458871;23,872049;13,702971;
14/10/2020 10:35:29;23,510518;23,458871;23,872049;13,697807;
14/10/2020 10:35:29;23,510518;23,458871;23,846225;13,708136;
14/10/2020 10:35:29;23,484695;23,458871;23,872049;13,708136;
14/10/2020 10:35:29;23,484695;23,458871;23,846225;13,713301;
14/10/2020 10:35:29;23,510518;23,458871;23,872049;13,718466;
14/10/2020 10:35:29;23,484695;23,433047;23,872049;11,704222;
14/10/2020 10:35:29;23,484695;23,433047;23,872049;10,015357;
14/10/2020 10:35:29;23,484695;23,433047;23,872049;13,671983;
14/10/2020 10:35:29;23,484695;23,433047;23,846225;13,713301;
14/10/2020 10:35:29;23,484695;23,433047;23,872049;13,708136;
14/10/2020 10:35:29;23,510518;23,433047;23,872049;13,708136;
14/10/2020 10:35:29;23,510518;23,433047;23,872049;13,702971;
14/10/2020 10:35:29;23,510518;23,458871;23,872049;13,697807;
14/10/2020 10:35:29;23,484695;23,433047;23,872049;13,697807;
14/10/2020 10:35:29;23,510518;23,433047;23,872049;13,697807;
14/10/2020 10:35:29;23,484695;23,433047;23,872049;10,252934;
14/10/2020 10:35:29;23,510518;23,433047;23,872049;10,821054;
14/10/2020 10:35:29;23,510518;23,458871;23,872049;13,460229;
14/10/2020 10:35:29;23,510518;23,458871;23,897873;13,697807;
14/10/2020 10:35:29;23,484695;23,458871;23,872049;13,697807;
14/10/2020 10:35:29;23,484695;23,458871;23,872049;13,702971;
14/10/2020 10:35:29;23,484695;23,458871;23,872049;13,702971;
14/10/2020 10:35:29;23,510518;23,458871;23,872049;13,708136;
14/10/2020 10:35:29;23,510518;23,458871;23,872049;13,713301;
14/10/2020 10:35:29;23,484695;23,458871;23,872049;13,713301;
14/10/2020 10:35:29;23,484695;23,458871;23,872049;11,068961;
14/10/2020 10:35:29;23,510518;23,458871;23,872049;10,061839;
14/10/2020 10:35:29;23,484695;23,458871;23,872049;13,356935;
14/10/2020 10:35:29;23,484695;23,433047;23,872049;13,713301;
14/10/2020 10:35:29;23,484695;23,458871;23,872049;13,713301;
14/10/2020 10:35:29;23,484695;23,433047;23,872049;13,708136;
14/10/2020 10:35:29;23,484695;23,433047;23,872049;13,708136;
14/10/2020 10:35:29;23,484695;23,433047;23,872049;13,697807;
14/10/2020 10:35:29;23,484695;23,458871;23,872049;13,697807;
14/10/2020 10:35:29;23,484695;23,433047;23,872049;13,697807;
14/10/2020 10:35:29;23,484695;23,433047;23,872049;10,335570;
14/10/2020 10:35:30;23,484695;23,458871;23,872049;10,821054;
14/10/2020 10:35:30;23,484695;23,433047;23,872049;13,232981;
14/10/2020 10:35:30;23,484695;23,458871;23,872049;13,702971;
14/10/2020 10:35:30;23,484695;23,433047;23,872049;13,702971;
14/10/2020 10:35:30;23,484695;23,433047;23,872049;13,697807;
14/10/2020 10:35:30;23,484695;23,433047;23,872049;13,702971;
14/10/2020 10:35:30;23,484695;23,458871;23,872049;13,708136;
14/10/2020 10:35:30;23,484695;23,433047;23,872049;13,713301;
14/10/2020 10:35:30;23,484695;23,433047;23,872049;13,718466;
14/10/2020 10:35:30;23,484695;23,433047;23,872049;10,712595;
14/10/2020 10:35:30;23,484695;23,433047;23,872049;10,190957;
14/10/2020 10:35:30;23,484695;23,433047;23,872049;13,196828;
14/10/2020 10:35:30;23,484695;23,433047;23,872049;13,713301;
14/10/2020 10:35:30;23,484695;23,433047;23,872049;13,713301;
14/10/2020 10:35:30;23,484695;23,433047;23,872049;13,708136;
14/10/2020 10:35:30;23,484695;23,433047;23,872049;13,708136;
14/10/2020 10:35:30;23,484695;23,458871;23,872049;13,702971;
14/10/2020 10:35:30;23,484695;23,458871;23,872049;13,697807;
14/10/2020 10:35:30;23,484695;23,458871;23,872049;13,697807;
14/10/2020 10:35:30;23,510518;23,458871;23,872049;10,671277;
14/10/2020 10:35:30;23,484695;23,458871;23,872049;11,058631;
14/10/2020 10:35:30;23,484695;23,458871;23,872049;12,824968;
14/10/2020 10:35:30;23,484695;23,458871;23,872049;13,708136;
14/10/2020 10:35:30;23,484695;23,458871;23,872049;11,585433;
14/10/2020 10:35:30;23,484695;23,458871;23,897873;10,970831;
14/10/2020 10:35:30;23,484695;23,458871;23,872049;12,633873;
14/10/2020 10:35:30;23,510518;23,458871;23,897873;13,697807;
14/10/2020 10:35:30;23,484695;23,381400;23,872049;13,697807;
14/10/2020 10:35:30;23,484695;23,407224;23,872049;13,702971;
14/10/2020 10:35:30;23,484695;23,407224;23,897873;13,708136;
14/10/2020 10:35:30;23,484695;23,407224;23,872049;13,708136;
14/10/2020 10:35:30;23,484695;23,407224;23,897873;13,713301;
14/10/2020 10:35:30;23,484695;23,407224;23,897873;13,573853;
14/10/2020 10:35:30;23,484695;23,407224;23,872049;11,843670;
14/10/2020 10:35:30;23,484695;23,407224;23,897873;10,144475;
14/10/2020 10:35:30;23,484695;23,407224;23,897873;13,258805;
14/10/2020 10:35:30;23,484695;23,407224;23,872049;13,713301;
14/10/2020 10:35:30;23,484695;23,407224;23,897873;13,713301;
14/10/2020 10:35:30;23,484695;23,407224;23,897873;13,708136;
14/10/2020 10:35:30;23,484695;23,484695;23,897873;13,708136;
14/10/2020 10:35:30;23,484695;23,484695;23,897873;13,697807;
14/10/2020 10:35:30;23,458871;23,484695;23,872049;13,697807;
14/10/2020 10:35:30;23,484695;23,484695;23,872049;13,697807;
14/10/2020 10:35:30;23,484695;23,484695;23,846225;13,697807;
14/10/2020 10:35:30;23,484695;23,484695;23,872049;10,227110;
14/10/2020 10:35:30;23,484695;23,484695;23,872049;13,103863;
14/10/2020 10:35:31;23,484695;23,484695;23,872049;13,692642;
14/10/2020 10:35:31;23,484695;23,484695;23,872049;13,697807;
14/10/2020 10:35:31;23,458871;23,484695;23,846225;13,697807;
14/10/2020 10:35:31;23,484695;23,484695;23,872049;13,708136;
14/10/2020 10:35:31;23,510518;23,484695;23,846225;13,708136;
14/10/2020 10:35:31;23,484695;23,484695;23,872049;13,713301;
14/10/2020 10:35:31;23,484695;23,458871;23,872049;13,713301;
14/10/2020 10:35:31;23,484695;23,458871;23,846225;11,946964;
14/10/2020 10:35:31;23,510518;23,458871;23,897873;10,769407;
14/10/2020 10:35:31;23,484695;23,458871;23,897873;13,563524;
14/10/2020 10:35:31;23,484695;23,458871;23,897873;13,718466;
14/10/2020 10:35:31;23,484695;23,458871;23,897873;13,713301;
14/10/2020 10:35:31;23,484695;23,484695;23,897873;13,708136;
14/10/2020 10:35:31;23,484695;23,458871;23,897873;13,702971;
14/10/2020 10:35:31;23,484695;23,458871;23,897873;13,702971;
14/10/2020 10:35:31;23,484695;23,458871;23,897873;13,697807;
14/10/2020 10:35:31;23,510518;23,458871;23,897873;13,692642;
14/10/2020 10:35:31;23,510518;23,458871;23,897873;10,810724;
14/10/2020 10:35:31;23,510518;23,407224;23,897873;10,640288;
14/10/2020 10:35:31;23,510518;23,433047;23,897873;13,222652;
14/10/2020 10:35:31;23,484695;23,407224;23,897873;13,697807;
14/10/2020 10:35:31;23,510518;23,407224;23,897873;13,697807;
14/10/2020 10:35:31;23,510518;23,407224;23,897873;13,697807;
14/10/2020 10:35:31;23,484695;23,433047;23,897873;13,702971;
14/10/2020 10:35:31;23,510518;23,407224;23,872049;13,697807;
14/10/2020 10:35:31;23,484695;23,407224;23,897873;13,697807;
14/10/2020 10:35:31;23,510518;23,433047;23,897873;11,895317;
14/10/2020 10:35:31;23,484695;23,407224;23,897873;10,960502;
14/10/2020 10:35:31;23,510518;23,484695;23,897873;12,716509;
14/10/2020 10:35:31;23,484695;23,458871;23,897873;13,697807;
14/10/2020 10:35:31;23,484695;23,484695;23,897873;13,697807;
14/10/2020 10:35:31;23,484695;23,458871;23,872049;13,702971;
14/10/2020 10:35:31;23,484695;23,458871;23,872049;13,702971;
14/10/2020 10:35:31;23,484695;23,458871;23,872049;13,708136;
14/10/2020 10:35:31;23,484695;23,458871;23,897873;13,713301;
14/10/2020 10:35:31;23,484695;23,458871;23,872049;13,713301;
14/10/2020 10:35:31;23,484695;23,484695;23,897873;10,826219;
14/10/2020 10:35:31;23,484695;23,458871;23,872049;10,211616;
14/10/2020 10:35:31;23,484695;23,458871;23,872049;12,835297;
14/10/2020 10:35:31;23,484695;23,458871;23,872049;13,718466;
14/10/2020 10:35:31;23,484695;23,458871;23,872049;13,713301;
14/10/2020 10:35:31;23,484695;23,458871;23,897873;13,713301;
14/10/2020 10:35:31;23,484695;23,458871;23,872049;13,702971;
14/10/2020 10:35:31;23,484695;23,484695;23,872049;13,702971;
14/10/2020 10:35:31;23,484695;23,458871;23,872049;13,697807;
14/10/2020 10:35:31;23,484695;23,458871;23,872049;13,692642;
14/10/2020 10:35:31;23,484695;23,458871;23,872049;10,314911;
14/10/2020 10:35:32;23,484695;23,458871;23,872049;10,619630;
14/10/2020 10:35:32;23,484695;23,458871;23,872049;12,664861;
14/10/2020 10:35:32;23,484695;23,458871;23,872049;13,697807;
14/10/2020 10:35:32;23,484695;23,458871;23,872049;13,697807;
14/10/2020 10:35:32;23,484695;23,458871;23,872049;13,697807;
14/10/2020 10:35:32;23,484695;23,458871;23,872049;13,702971;
14/10/2020 10:35:32;23,484695;23,458871;23,872049;13,708136;
14/10/2020 10:35:32;23,484695;23,458871;23,872049;13,713301;
14/10/2020 10:35:32;23,484695;23,433047;23,872049;13,713301;
14/10/2020 10:35:32;23,484695;23,433047;23,872049;11,905647;
14/10/2020 10:35:32;23,484695;23,433047;23,872049;10,640288;
14/10/2020 10:35:32;23,484695;23,433047;23,872049;12,902439;
14/10/2020 10:35:32;23,484695;23,433047;23,872049;13,713301;
14/10/2020 10:35:32;23,484695;23,433047;23,872049;13,713301;
14/10/2020 10:35:32;23,484695;23,433047;23,872049;13,713301;
14/10/2020 10:35:32;23,484695;23,433047;23,872049;13,708136;
14/10/2020 10:35:32;23,484695;23,433047;23,872049;13,702971;
14/10/2020 10:35:32;23,484695;23,433047;23,872049;13,697807;
14/10/2020 10:35:32;23,484695;23,433047;23,872049;13,697807;
14/10/2020 10:35:32;23,484695;23,433047;23,872049;10,578312;
14/10/2020 10:35:32;23,484695;23,433047;23,872049;10,934678;
14/10/2020 10:35:32;23,484695;23,433047;23,872049;13,191663;
14/10/2020 10:35:32;23,484695;23,433047;23,872049;13,697807;
14/10/2020 10:35:32;23,484695;23,433047;23,872049;13,692642;
14/10/2020 10:35:32;23,484695;23,433047;23,872049;13,702971;
14/10/2020 10:35:32;23,484695;23,433047;23,872049;13,702971;
14/10/2020 10:35:32;23,484695;23,433047;23,872049;13,708136;
14/10/2020 10:35:32;23,484695;23,433047;23,872049;13,708136;
14/10/2020 10:35:32;23,484695;23,433047;23,872049;13,713301;
14/10/2020 10:35:32;23,484695;23,433047;23,872049;10,986325;
14/10/2020 10:35:32;23,484695;23,433047;23,872049;9,943050;
14/10/2020 10:35:32;23,484695;23,433047;23,872049;12,463437;
14/10/2020 10:35:32;23,484695;23,433047;23,897873;13,713301;
14/10/2020 10:35:32;23,484695;23,433047;23,872049;13,713301;
14/10/2020 10:35:32;23,484695;23,433047;23,872049;13,708136;
14/10/2020 10:35:32;23,484695;23,433047;23,872049;13,702971;
14/10/2020 10:35:32;23,484695;23,433047;23,872049;13,697807;
14/10/2020 10:35:32;23,484695;23,433047;23,872049;13,697807;
14/10/2020 10:35:32;23,484695;23,433047;23,872049;13,692642;
14/10/2020 10:35:32;23,484695;23,433047;23,872049;10,521500;
14/10/2020 10:35:32;23,484695;23,433047;23,872049;10,268428;
14/10/2020 10:35:32;23,510518;23,484695;23,872049;12,639038;
14/10/2020 10:35:32;23,484695;23,484695;23,872049;13,702971;
14/10/2020 10:35:32;23,484695;23,484695;23,872049;13,697807;
14/10/2020 10:35:32;23,510518;23,458871;23,872049;13,702971;
14/10/2020 10:35:32;23,484695;23,484695;23,897873;13,702971;
14/10/2020 10:35:32;23,484695;23,484695;23,872049;13,708136;
14/10/2020 10:35:32;23,510518;23,484695;23,872049;13,713301;
14/10/2020 10:35:33;23,484695;23,458871;23,872049;13,718466;
14/10/2020 10:35:33;23,510518;23,484695;23,872049;10,790066;
14/10/2020 10:35:33;23,484695;23,484695;23,872049;10,728089;
14/10/2020 10:35:33;23,510518;23,484695;23,872049;12,773321;
14/10/2020 10:35:33;23,510518;23,484695;23,872049;13,713301;
14/10/2020 10:35:33;23,510518;23,484695;23,872049;13,713301;
14/10/2020 10:35:33;23,510518;23,484695;23,872049;13,713301;
14/10/2020 10:35:33;23,510518;23,433047;23,872049;13,702971;
14/10/2020 10:35:33;23,510518;23,433047;23,872049;13,702971;
14/10/2020 10:35:33;23,510518;23,433047;23,897873;13,697807;
14/10/2020 10:35:33;23,484695;23,458871;23,897873;13,692642;
14/10/2020 10:35:33;23,510518;23,433047;23,872049;10,728089;
14/10/2020 10:35:33;23,510518;23,433047;23,872049;13,702971;
14/10/2020 10:35:33;23,510518;23,433047;23,897873;13,713301;
14/10/2020 10:35:33;23,510518;23,458871;23,897873;10,619630;
14/10/2020 10:35:33;23,484695;23,433047;23,897873;11,781693;
14/10/2020 10:35:33;23,484695;23,407224;23,897873;13,713301;
14/10/2020 10:35:33;23,484695;23,433047;23,872049;13,671983;
14/10/2020 10:35:33;23,484695;23,407224;23,872049;13,708136;
14/10/2020 10:35:33;23,510518;23,433047;23,872049;13,702971;
14/10/2020 10:35:33;23,484695;23,433047;23,872049;13,702971;
14/10/2020 10:35:33;23,484695;23,433047;23,872049;13,697807;
14/10/2020 10:35:33;23,510518;23,407224;23,872049;13,697807;
14/10/2020 10:35:33;23,510518;23,407224;23,846225;11,136102;
14/10/2020 10:35:33;23,484695;23,433047;23,872049;10,939843;
14/10/2020 10:35:33;23,484695;23,433047;23,872049;12,169048;
14/10/2020 10:35:33;23,484695;23,407224;23,872049;13,702971;
14/10/2020 10:35:33;23,484695;23,407224;23,872049;13,702971;
14/10/2020 10:35:33;23,484695;23,458871;23,872049;13,702971;
14/10/2020 10:35:33;23,484695;23,484695;23,872049;13,708136;
14/10/2020 10:35:33;23,484695;23,484695;23,872049;13,713301;
14/10/2020 10:35:33;23,484695;23,484695;23,872049;13,697807;
14/10/2020 10:35:33;23,484695;23,484695;23,846225;10,593806;
14/10/2020 10:35:33;23,484695;23,484695;23,872049;12,024435;
14/10/2020 10:35:33;23,484695;23,484695;23,872049;13,697807;
14/10/2020 10:35:33;23,510518;23,484695;23,846225;13,708136;
14/10/2020 10:35:33;23,510518;23,484695;23,872049;13,697807;
14/10/2020 10:35:33;23,484695;23,484695;23,872049;13,708136;
14/10/2020 10:35:33;23,484695;23,484695;23,872049;13,708136;
14/10/2020 10:35:33;23,484695;23,484695;23,872049;13,713301;
14/10/2020 10:35:33;23,484695;23,484695;23,846225;13,713301;
14/10/2020 10:35:33;23,484695;23,458871;23,897873;11,946964;
14/10/2020 10:35:33;23,484695;23,458871;23,872049;10,242605;
14/10/2020 10:35:33;23,484695;23,484695;23,872049;12,251683;
14/10/2020 10:35:33;23,484695;23,458871;23,897873;13,718466;
14/10/2020 10:35:33;23,484695;23,458871;23,897873;13,713301;
14/10/2020 10:35:33;23,484695;23,458871;23,872049;13,708136;
14/10/2020 10:35:34;23,484695;23,458871;23,872049;13,708136;
14/10/2020 10:35:34;23,484695;23,484695;23,897873;13,697807;
14/10/2020 10:35:34;23,510518;23,484695;23,872049;13,697807;
14/10/2020 10:35:34;23,510518;23,484695;23,897873;13,697807;
14/10/2020 10:35:34;23,484695;23,484695;23,897873;12,019271;
14/10/2020 10:35:34;23,484695;23,458871;23,897873;10,852042;
14/10/2020 10:35:34;23,484695;23,484695;23,897873;12,370472;
14/10/2020 10:35:34;23,484695;23,433047;23,897873;13,697807;
14/10/2020 10:35:34;23,484695;23,433047;23,897873;13,702971;
14/10/2020 10:35:34;23,484695;23,433047;23,872049;13,702971;
14/10/2020 10:35:34;23,484695;23,433047;23,872049;13,702971;
14/10/2020 10:35:34;23,484695;23,407224;23,872049;13,532535;
14/10/2020 10:35:34;23,484695;23,407224;23,872049;13,718466;
14/10/2020 10:35:34;23,484695;23,433047;23,872049;13,713301;
14/10/2020 10:35:34;23,484695;23,433047;23,872049;13,429241;
14/10/2020 10:35:34;23,484695;23,433047;23,872049;10,433699;
14/10/2020 10:35:34;23,484695;23,433047;23,872049;11,652575;
14/10/2020 10:35:34;23,484695;23,484695;23,872049;13,713301;
14/10/2020 10:35:34;23,484695;23,484695;23,872049;13,713301;
14/10/2020 10:35:34;23,484695;23,484695;23,872049;13,708136;
14/10/2020 10:35:34;23,484695;23,484695;23,872049;13,702971;
14/10/2020 10:35:34;23,484695;23,484695;23,872049;13,697807;
14/10/2020 10:35:34;23,484695;23,484695;23,872049;13,702971;
14/10/2020 10:35:34;23,484695;23,484695;23,872049;13,702971;
14/10/2020 10:35:34;23,484695;23,484695;23,897873;11,766199;
14/10/2020 10:35:34;23,484695;23,484695;23,872049;11,043137;
14/10/2020 10:35:34;23,510518;23,484695;23,872049;13,697807;
14/10/2020 10:35:34;23,510518;23,484695;23,872049;13,692642;
14/10/2020 10:35:34;23,510518;23,484695;23,872049;13,697807;
14/10/2020 10:35:34;23,510518;23,510518;23,872049;13,702971;
14/10/2020 10:35:34;23,510518;23,484695;23,872049;13,708136;
14/10/2020 10:35:34;23,510518;23,510518;23,897873;13,708136;
14/10/2020 10:35:34;23,510518;23,510518;23,897873;13,708136;
14/10/2020 10:35:34;23,510518;23,484695;23,872049;13,713301;
14/10/2020 10:35:34;23,510518;23,510518;23,872049;13,176169;
14/10/2020 10:35:34;23,510518;23,510518;23,897873;10,547323;
14/10/2020 10:35:34;23,510518;23,510518;23,872049;12,375637;
14/10/2020 10:35:34;23,510518;23,484695;23,872049;13,718466;
14/10/2020 10:35:34;23,484695;23,510518;23,872049;13,713301;
14/10/2020 10:35:34;23,484695;23,484695;23,872049;13,708136;
14/10/2020 10:35:34;23,484695;23,458871;23,872049;13,708136;
14/10/2020 10:35:34;23,510518;23,458871;23,872049;13,702971;
14/10/2020 10:35:34;23,510518;23,458871;23,897873;13,697807;
14/10/2020 10:35:34;23,484695;23,458871;23,897873;13,697807;
14/10/2020 10:35:34;23,484695;23,458871;23,897873;11,657740;
14/10/2020 10:35:34;23,484695;23,458871;23,897873;10,490511;
14/10/2020 10:35:34;23,484695;23,458871;23,897873;12,597720;
14/10/2020 10:35:35;23,484695;23,458871;23,897873;13,692642;
14/10/2020 10:35:35;23,484695;23,458871;23,897873;13,697807;
14/10/2020 10:35:35;23,484695;23,458871;23,897873;13,697807;
14/10/2020 10:35:35;23,484695;23,458871;23,897873;13,702971;
14/10/2020 10:35:35;23,484695;23,458871;23,897873;13,708136;
14/10/2020 10:35:35;23,484695;23,458871;23,897873;13,713301;
14/10/2020 10:35:35;23,484695;23,458871;23,897873;13,713301;
14/10/2020 10:35:35;23,484695;23,458871;23,897873;12,793979;
14/10/2020 10:35:35;23,484695;23,510518;23,897873;10,438864;
14/10/2020 10:35:35;23,484695;23,510518;23,872049;12,138059;
14/10/2020 10:35:35;23,484695;23,510518;23,872049;13,713301;
14/10/2020 10:35:35;23,484695;23,510518;23,872049;13,702971;
14/10/2020 10:35:35;23,484695;23,510518;23,872049;13,702971;
14/10/2020 10:35:35;23,484695;23,510518;23,872049;13,697807;
14/10/2020 10:35:35;23,484695;23,510518;23,872049;13,697807;
14/10/2020 10:35:35;23,484695;23,510518;23,872049;12,912768;
14/10/2020 10:35:35;23,484695;23,510518;23,872049;10,815889;
14/10/2020 10:35:35;23,484695;23,433047;23,872049;12,840462;
14/10/2020 10:35:35;23,484695;23,458871;23,872049;13,697807;
14/10/2020 10:35:35;23,484695;23,433047;23,897873;13,697807;
14/10/2020 10:35:35;23,484695;23,433047;23,897873;13,702971;
14/10/2020 10:35:35;23,484695;23,433047;23,897873;13,702971;
14/10/2020 10:35:35;23,484695;23,433047;23,872049;13,708136;
14/10/2020 10:35:35;23,484695;23,433047;23,872049;13,713301;
14/10/2020 10:35:35;23,484695;23,433047;23,897873;13,713301;
14/10/2020 10:35:35;23,484695;23,433047;23,897873;13,630665;
14/10/2020 10:35:35;23,484695;23,433047;23,897873;13,697807;
14/10/2020 10:35:35;23,484695;23,433047;23,872049;10,893360;
14/10/2020 10:35:35;23,484695;23,433047;23,872049;13,718466;
14/10/2020 10:35:35;23,484695;23,458871;23,897873;13,713301;
14/10/2020 10:35:35;23,484695;23,458871;23,872049;13,702971;
14/10/2020 10:35:35;23,484695;23,458871;23,872049;13,702971;
14/10/2020 10:35:35;23,484695;23,458871;23,872049;13,697807;
14/10/2020 10:35:35;23,510518;23,458871;23,872049;13,692642;
14/10/2020 10:35:35;23,484695;23,458871;23,872049;12,881780;
14/10/2020 10:35:35;23,484695;23,458871;23,872049;10,531829;
14/10/2020 10:35:35;23,484695;23,458871;23,872049;11,094784;
14/10/2020 10:35:35;23,484695;23,458871;23,872049;13,697807;
14/10/2020 10:35:35;23,484695;23,458871;23,872049;13,697807;
14/10/2020 10:35:35;23,484695;23,458871;23,846225;13,697807;
14/10/2020 10:35:35;23,484695;23,458871;23,846225;13,702971;
14/10/2020 10:35:35;23,484695;23,433047;23,872049;13,702971;
14/10/2020 10:35:35;23,484695;23,433047;23,846225;13,708136;
14/10/2020 10:35:35;23,484695;23,407224;23,846225;13,713301;
14/10/2020 10:35:35;23,484695;23,433047;23,872049;12,876615;
14/10/2020 10:35:35;23,484695;23,433047;23,872049;10,201287;
14/10/2020 10:35:35;23,484695;23,433047;23,846225;11,699057;
14/10/2020 10:35:35;23,484695;23,407224;23,872049;13,718466;
14/10/2020 10:35:36;23,484695;23,433047;23,872049;13,713301;
14/10/2020 10:35:36;23,484695;23,407224;23,872049;13,708136;
14/10/2020 10:35:36;23,484695;23,433047;23,872049;13,708136;
14/10/2020 10:35:36;23,510518;23,433047;23,872049;13,702971;
14/10/2020 10:35:36;23,484695;23,433047;23,872049;13,697807;
14/10/2020 10:35:36;23,510518;23,433047;23,872049;13,697807;
14/10/2020 10:35:36;23,510518;23,433047;23,872049;13,599677;
14/10/2020 10:35:36;23,510518;23,433047;23,846225;13,697807;
14/10/2020 10:35:36;23,510518;23,407224;23,872049;11,807517;
14/10/2020 10:35:36;23,510518;23,407224;23,872049;13,687477;
14/10/2020 10:35:36;23,510518;23,407224;23,872049;13,697807;
14/10/2020 10:35:36;23,510518;23,407224;23,872049;13,702971;
14/10/2020 10:35:36;23,510518;23,407224;23,872049;13,558359;
14/10/2020 10:35:36;23,484695;23,407224;23,872049;13,708136;
14/10/2020 10:35:36;23,510518;23,407224;23,872049;13,713301;
14/10/2020 10:35:36;23,484695;23,407224;23,872049;13,713301;
14/10/2020 10:35:36;23,484695;23,407224;23,872049;13,713301;
14/10/2020 10:35:36;23,510518;23,433047;23,872049;10,361393;
14/10/2020 10:35:36;23,510518;23,433047;23,872049;10,733254;
14/10/2020 10:35:36;23,484695;23,433047;23,897873;13,620336;
14/10/2020 10:35:36;23,510518;23,433047;23,872049;13,713301;
14/10/2020 10:35:36;23,510518;23,433047;23,872049;13,708136;
14/10/2020 10:35:36;23,510518;23,433047;23,872049;13,708136;
14/10/2020 10:35:36;23,484695;23,433047;23,872049;13,702971;
14/10/2020 10:35:36;23,510518;23,433047;23,872049;13,697807;
14/10/2020 10:35:36;23,510518;23,433047;23,872049;13,702971;
14/10/2020 10:35:36;23,484695;23,433047;23,872049;13,248475;
14/10/2020 10:35:36;23,510518;23,433047;23,872049;10,707430;
14/10/2020 10:35:36;23,484695;23,458871;23,872049;13,708136;
14/10/2020 10:35:36;23,510518;23,458871;23,872049;13,449900;
14/10/2020 10:35:36;23,484695;23,458871;23,897873;13,702971;
14/10/2020 10:35:36;23,484695;23,458871;23,897873;13,702971;
14/10/2020 10:35:36;23,484695;23,458871;23,897873;13,702971;
14/10/2020 10:35:36;23,510518;23,458871;23,897873;13,708136;
14/10/2020 10:35:36;23,510518;23,458871;23,897873;13,713301;
14/10/2020 10:35:36;23,510518;23,458871;23,897873;13,713301;
14/10/2020 10:35:36;23,510518;23,458871;23,897873;10,418205;
14/10/2020 10:35:36;23,484695;23,458871;23,897873;10,697100;
14/10/2020 10:35:36;23,484695;23,458871;23,897873;13,594512;
14/10/2020 10:35:36;23,510518;23,458871;23,897873;13,718466;
14/10/2020 10:35:36;23,484695;23,407224;23,897873;13,713301;
14/10/2020 10:35:36;23,484695;23,407224;23,897873;13,702971;
14/10/2020 10:35:36;23,484695;23,407224;23,897873;13,702971;
14/10/2020 10:35:36;23,484695;23,407224;23,897873;13,697807;
14/10/2020 10:35:36;23,484695;23,407224;23,897873;13,702971;
14/10/2020 10:35:36;23,484695;23,407224;23,872049;13,661654;
14/10/2020 10:35:36;23,484695;23,407224;23,872049;10,273593;
14/10/2020 10:35:37;23,484695;23,407224;23,872049;11,399503;
14/10/2020 10:35:37;23,484695;23,407224;23,872049;13,697807;
14/10/2020 10:35:37;23,484695;23,407224;23,872049;13,697807;
14/10/2020 10:35:37;23,510518;23,407224;23,872049;13,692642;
14/10/2020 10:35:37;23,510518;23,407224;23,872049;13,702971;
14/10/2020 10:35:37;23,510518;23,407224;23,872049;13,708136;
14/10/2020 10:35:37;23,510518;23,407224;23,872049;13,708136;
14/10/2020 10:35:37;23,510518;23,433047;23,872049;13,713301;
14/10/2020 10:35:37;23,510518;23,433047;23,897873;13,708136;
14/10/2020 10:35:37;23,510518;23,433047;23,846225;10,185793;
14/10/2020 10:35:37;23,484695;23,433047;23,846225;11,606092;
14/10/2020 10:35:37;23,510518;23,433047;23,846225;13,708136;
14/10/2020 10:35:37;23,484695;23,433047;23,846225;13,713301;
14/10/2020 10:35:37;23,510518;23,433047;23,846225;13,713301;
14/10/2020 10:35:37;23,510518;23,433047;23,846225;13,702971;
14/10/2020 10:35:37;23,484695;23,458871;23,846225;13,697807;
14/10/2020 10:35:37;23,484695;23,433047;23,846225;13,702971;
14/10/2020 10:35:37;23,484695;23,458871;23,846225;13,697807;
14/10/2020 10:35:37;23,484695;23,484695;23,846225;13,424076;
14/10/2020 10:35:37;23,510518;23,458871;23,846225;10,769407;
14/10/2020 10:35:37;23,484695;23,458871;23,846225;11,327197;
14/10/2020 10:35:37;23,484695;23,458871;23,846225;13,697807;
14/10/2020 10:35:37;23,484695;23,458871;23,846225;13,702971;
14/10/2020 10:35:37;23,484695;23,484695;23,872049;13,697807;
14/10/2020 10:35:37;23,484695;23,458871;23,846225;13,702971;
14/10/2020 10:35:37;23,484695;23,458871;23,846225;13,702971;
14/10/2020 10:35:37;23,484695;23,458871;23,846225;13,708136;
14/10/2020 10:35:37;23,510518;23,458871;23,846225;13,713301;
14/10/2020 10:35:37;23,484695;23,458871;23,872049;13,733960;
14/10/2020 10:35:37;23,484695;23,433047;23,872049;10,660947;
14/10/2020 10:35:37;23,484695;23,458871;23,846225;11,068961;
14/10/2020 10:35:37;23,484695;23,433047;23,872049;13,713301;
14/10/2020 10:35:37;23,484695;23,458871;23,872049;13,713301;
14/10/2020 10:35:37;23,484695;23,433047;23,897873;13,702971;
14/10/2020 10:35:37;23,484695;23,433047;23,872049;13,713301;
14/10/2020 10:35:37;23,484695;23,433047;23,872049;13,713301;
14/10/2020 10:35:37;23,484695;23,433047;23,872049;10,769407;
14/10/2020 10:35:37;23,484695;23,433047;23,872049;11,084455;
14/10/2020 10:35:37;23,484695;23,433047;23,897873;10,366558;
14/10/2020 10:35:37;23,484695;23,433047;23,872049;12,979910;
14/10/2020 10:35:37;23,484695;23,433047;23,872049;13,713301;
14/10/2020 10:35:37;23,484695;23,458871;23,872049;13,713301;
14/10/2020 10:35:37;23,484695;23,433047;23,872049;13,713301;
14/10/2020 10:35:37;23,484695;23,433047;23,872049;13,702971;
14/10/2020 10:35:37;23,484695;23,433047;23,872049;13,702971;
14/10/2020 10:35:37;23,484695;23,433047;23,872049;13,692642;
14/10/2020 10:35:37;23,484695;23,433047;23,872049;13,460229;
14/10/2020 10:35:38;23,484695;23,458871;23,846225;9,999862;
14/10/2020 10:35:38;23,484695;23,433047;23,872049;10,340734;
14/10/2020 10:35:38;23,484695;23,433047;23,872049;13,579018;
14/10/2020 10:35:38;23,458871;23,458871;23,872049;13,697807;
14/10/2020 10:35:38;23,484695;23,433047;23,872049;13,697807;
14/10/2020 10:35:38;23,484695;23,433047;23,872049;13,702971;
14/10/2020 10:35:38;23,510518;23,433047;23,872049;13,702971;
14/10/2020 10:35:38;23,484695;23,433047;23,872049;13,708136;
14/10/2020 10:35:38;23,484695;23,433047;23,872049;13,713301;
14/10/2020 10:35:38;23,484695;23,433047;23,872049;13,713301;
14/10/2020 10:35:38;23,510518;23,433047;23,872049;10,361393;
14/10/2020 10:35:38;23,484695;23,458871;23,872049;11,048302;
14/10/2020 10:35:38;23,510518;23,433047;23,872049;13,320782;
14/10/2020 10:35:38;23,484695;23,433047;23,872049;13,692642;
14/10/2020 10:35:38;23,484695;23,433047;23,872049;13,708136;
14/10/2020 10:35:38;23,510518;23,433047;23,872049;13,702971;
14/10/2020 10:35:38;23,510518;23,433047;23,872049;13,702971;
14/10/2020 10:35:38;23,510518;23,458871;23,872049;13,697807;
14/10/2020 10:35:38;23,510518;23,458871;23,897873;10,821054;
14/10/2020 10:35:38;23,510518;23,458871;23,923696;12,029600;
14/10/2020 10:35:38;23,510518;23,458871;23,897873;13,083204;
14/10/2020 10:35:38;23,510518;23,458871;23,897873;13,692642;
14/10/2020 10:35:38;23,510518;23,458871;23,897873;13,702971;
14/10/2020 10:35:38;23,510518;23,458871;23,897873;13,702971;
14/10/2020 10:35:38;23,510518;23,458871;23,897873;13,702971;
14/10/2020 10:35:38;23,510518;23,458871;23,897873;13,708136;
14/10/2020 10:35:38;23,484695;23,458871;23,897873;13,883737;
14/10/2020 10:35:38;23,484695;23,458871;23,923696;13,718466;
14/10/2020 10:35:38;23,484695;23,458871;23,923696;11,032808;
14/10/2020 10:35:38;23,484695;23,433047;23,923696;12,716509;
14/10/2020 10:35:38;23,510518;23,458871;23,872049;13,708136;
14/10/2020 10:35:38;23,484695;23,433047;23,872049;13,702971;
14/10/2020 10:35:38;23,484695;23,458871;23,872049;13,702971;
14/10/2020 10:35:38;23,510518;23,458871;23,897873;13,697807;
14/10/2020 10:35:38;23,484695;23,433047;23,872049;13,697807;
14/10/2020 10:35:38;23,484695;23,433047;23,897873;13,702971;
14/10/2020 10:35:38;23,484695;23,458871;23,897873;13,697807;
14/10/2020 10:35:38;23,484695;23,458871;23,897873;13,702971;
14/10/2020 10:35:38;23,484695;23,458871;23,872049;13,708136;
14/10/2020 10:35:38;23,484695;23,433047;23,872049;13,708136;
14/10/2020 10:35:38;23,484695;23,433047;23,872049;13,713301;
14/10/2020 10:35:38;23,484695;23,433047;23,872049;13,708136;
14/10/2020 10:35:38;23,484695;23,433047;23,846225;13,708136;
14/10/2020 10:35:38;23,484695;23,433047;23,872049;13,708136;
14/10/2020 10:35:38;23,484695;23,433047;23,872049;13,702971;
14/10/2020 10:35:38;23,484695;23,433047;23,872049;13,702971;
14/10/2020 10:35:39;23,510518;23,433047;23,872049;13,702971;
14/10/2020 10:35:39;23,510518;23,433047;23,846225;13,697807;
14/10/2020 10:35:39;23,484695;23,433047;23,872049;13,702971;
14/10/2020 10:35:39;23,484695;23,433047;23,872049;13,697807;
14/10/2020 10:35:39;23,484695;23,433047;23,872049;13,697807;
14/10/2020 10:35:39;23,484695;23,433047;23,872049;13,697807;
14/10/2020 10:35:39;23,484695;23,484695;23,872049;13,697807;
14/10/2020 10:35:39;23,484695;23,458871;23,846225;13,697807;
14/10/2020 10:35:39;23,484695;23,484695;23,897873;13,702971;
14/10/2020 10:35:39;23,484695;23,484695;23,897873;13,702971;
14/10/2020 10:35:39;23,484695;23,484695;23,897873;13,708136;
14/10/2020 10:35:39;23,484695;23,484695;23,897873;13,713301;
14/10/2020 10:35:39;23,484695;23,484695;23,897873;13,708136;
14/10/2020 10:35:39;23,484695;23,458871;23,897873;13,713301;
14/10/2020 10:35:39;23,484695;23,484695;23,897873;13,713301;
14/10/2020 10:35:39;23,484695;23,484695;23,897873;13,708136;
14/10/2020 10:35:39;23,484695;23,484695;23,897873;13,713301;
14/10/2020 10:35:39;23,510518;23,484695;23,897873;13,708136;
14/10/2020 10:35:39;23,484695;23,407224;23,897873;13,702971;
14/10/2020 10:35:39;23,510518;23,433047;23,872049;13,702971;
14/10/2020 10:35:39;23,510518;23,433047;23,872049;13,697807;
14/10/2020 10:35:39;23,510518;23,407224;23,846225;13,697807;
14/10/2020 10:35:39;23,484695;23,407224;23,872049;13,697807;
14/10/2020 10:35:39;23,484695;23,407224;23,872049;13,697807;
14/10/2020 10:35:39;23,484695;23,407224;23,872049;13,692642;
14/10/2020 10:35:39;23,510518;23,433047;23,846225;13,697807;
14/10/2020 10:35:39;23,484695;23,407224;23,846225;13,702971;
14/10/2020 10:35:39;23,484695;23,407224;23,872049;13,697807;
14/10/2020 10:35:39;23,484695;23,458871;23,846225;13,713301;
14/10/2020 10:35:39;23,484695;23,458871;23,872049;13,702971;
14/10/2020 10:35:39;23,484695;23,433047;23,872049;13,708136;
14/10/2020 10:35:39;23,484695;23,433047;23,872049;13,708136;
14/10/2020 10:35:39;23,484695;23,458871;23,872049;13,708136;
14/10/2020 10:35:39;23,484695;23,433047;23,872049;13,713301;
14/10/2020 10:35:39;23,484695;23,433047;23,872049;13,713301;
14/10/2020 10:35:39;23,484695;23,433047;23,872049;13,713301;
14/10/2020 10:35:39;23,484695;23,433047;23,872049;13,713301;
14/10/2020 10:35:39;23,484695;23,433047;23,872049;13,708136;
14/10/2020 10:35:39;23,484695;23,458871;23,872049;13,708136;
14/10/2020 10:35:39;23,484695;23,433047;23,872049;13,702971;
14/10/2020 10:35:39;23,484695;23,458871;23,872049;13,702971;
14/10/2020 10:35:39;23,484695;23,458871;23,872049;13,697807;
14/10/2020 10:35:39;23,484695;23,458871;23,872049;13,697807;
14/10/2020 10:35:39;23,484695;23,458871;23,872049;13,697807;
14/10/2020 10:35:39;23,484695;23,458871;23,897873;13,697807;
14/10/2020 10:35:39;23,484695;23,458871;23,897873;13,697807;
14/10/2020 10:35:39;23,484695;23,458871;23,872049;13,692642;
14/10/2020 10:35:40;23,484695;23,458871;23,897873;13,697807;
14/10/2020 10:35:40;23,484695;23,458871;23,897873;13,702971;
14/10/2020 10:35:40;23,484695;23,458871;23,872049;13,708136;
14/10/2020 10:35:40;23,484695;23,484695;23,872049;13,708136;
14/10/2020 10:35:40;23,484695;23,433047;23,897873;13,708136;
14/10/2020 10:35:40;23,484695;23,458871;23,872049;13,702971;
14/10/2020 10:35:40;23,484695;23,458871;23,897873;13,708136;
14/10/2020 10:35:40;23,484695;23,458871;23,872049;13,713301;
14/10/2020 10:35:40;23,484695;23,458871;23,897873;13,708136;
14/10/2020 10:35:40;23,484695;23,458871;23,872049;13,713301;
14/10/2020 10:35:40;23,484695;23,458871;23,872049;13,708136;
14/10/2020 10:35:40;23,510518;23,458871;23,872049;13,708136;
14/10/2020 10:35:40;23,484695;23,458871;23,872049;13,702971;
14/10/2020 10:35:40;23,484695;23,458871;23,872049;13,697807;
14/10/2020 10:35:40;23,484695;23,458871;23,872049;13,697807;
14/10/2020 10:35:40;23,484695;23,458871;23,872049;13,702971;
14/10/2020 10:35:40;23,510518;23,458871;23,872049;13,697807;
14/10/2020 10:35:40;23,484695;23,458871;23,872049;13,697807;
14/10/2020 10:35:40;23,484695;23,458871;23,872049;13,702971;
14/10/2020 10:35:40;23,484695;23,458871;23,872049;13,697807;
14/10/2020 10:35:40;23,484695;23,458871;23,897873;13,702971;
14/10/2020 10:35:40;23,484695;23,458871;23,897873;13,702971;
14/10/2020 10:35:40;23,484695;23,458871;23,897873;13,702971;
14/10/2020 10:35:40;23,484695;23,458871;23,872049;13,702971;
14/10/2020 10:35:40;23,484695;23,458871;23,897873;13,708136;
14/10/2020 10:35:40;23,484695;23,458871;23,872049;13,708136;
14/10/2020 10:35:40;23,484695;23,458871;23,897873;13,708136;
14/10/2020 10:35:40;23,484695;23,458871;23,872049;13,708136;
14/10/2020 10:35:40;23,458871;23,458871;23,872049;13,708136;
14/10/2020 10:35:40;23,484695;23,433047;23,872049;13,708136;
14/10/2020 10:35:40;23,484695;23,458871;23,897873;13,708136;
14/10/2020 10:35:40;23,484695;23,433047;23,872049;13,708136;
14/10/2020 10:35:40;23,484695;23,433047;23,872049;13,697807;
14/10/2020 10:35:40;23,484695;23,458871;23,872049;13,702971;
14/10/2020 10:35:40;23,484695;23,458871;23,872049;13,697807;
14/10/2020 10:35:40;23,484695;23,458871;23,872049;13,697807;
14/10/2020 10:35:40;23,484695;23,458871;23,872049;13,697807;
14/10/2020 10:35:40;23,484695;23,433047;23,872049;13,697807;
14/10/2020 10:35:40;23,484695;23,433047;23,897873;13,697807;
14/10/2020 10:35:40;23,484695;23,458871;23,872049;13,697807;
14/10/2020 10:35:40;23,484695;23,433047;23,872049;13,697807;
14/10/2020 10:35:40;23,484695;23,458871;23,897873;13,702971;
14/10/2020 10:35:40;23,484695;23,484695;23,897873;13,702971;
14/10/2020 10:35:40;23,484695;23,458871;23,897873;13,708136;
14/10/2020 10:35:40;23,484695;23,458871;23,897873;13,702971;
14/10/2020 10:35:40;23,484695;23,484695;23,897873;13,708136;
14/10/2020 10:35:40;23,484695;23,484695;23,897873;13,713301;
14/10/2020 10:35:40;23,484695;23,458871;23,897873;13,708136;
14/10/2020 10:35:41;23,510518;23,458871;23,897873;13,708136;
14/10/2020 10:35:41;23,484695;23,484695;23,897873;13,708136;
14/10/2020 10:35:41;23,484695;23,458871;23,897873;13,708136;
14/10/2020 10:35:41;23,484695;23,458871;23,897873;13,708136;
14/10/2020 10:35:41;23,484695;23,458871;23,897873;13,697807;
14/10/2020 10:35:41;23,458871;23,458871;23,897873;13,702971;
14/10/2020 10:35:41;23,484695;23,484695;23,897873;13,697807;
14/10/2020 10:35:41;23,484695;23,458871;23,897873;13,702971;
14/10/2020 10:35:41;23,484695;23,458871;23,897873;13,697807;
14/10/2020 10:35:41;23,484695;23,433047;23,897873;13,697807;
14/10/2020 10:35:41;23,484695;23,458871;23,897873;13,697807;
14/10/2020 10:35:41;23,484695;23,458871;23,897873;13,702971;
14/10/2020 10:35:41;23,484695;23,458871;23,897873;13,702971;
14/10/2020 10:35:41;23,484695;23,433047;23,897873;13,708136;
14/10/2020 10:35:41;23,484695;23,458871;23,897873;13,702971;
14/10/2020 10:35:41;23,484695;23,458871;23,897873;13,708136;
14/10/2020 10:35:41;23,510518;23,433047;23,897873;13,708136;
14/10/2020 10:35:41;23,484695;23,433047;23,897873;13,708136;
14/10/2020 10:35:41;23,510518;23,433047;23,897873;13,708136;
14/10/2020 10:35:41;23,484695;23,433047;23,872049;13,713301;
14/10/2020 10:35:41;23,484695;23,458871;23,872049;13,713301;
14/10/2020 10:35:41;23,484695;23,433047;23,897873;13,708136;
14/10/2020 10:35:41;23,484695;23,433047;23,897873;13,702971;
14/10/2020 10:35:41;23,484695;23,458871;23,897873;13,708136;
14/10/2020 10:35:41;23,484695;23,433047;23,872049;13,702971;
14/10/2020 10:35:41;23,484695;23,433047;23,897873;13,702971;
14/10/2020 10:35:41;23,510518;23,433047;23,897873;13,702971;
14/10/2020 10:35:41;23,484695;23,433047;23,897873;13,697807;
14/10/2020 10:35:41;23,484695;23,484695;23,897873;13,697807;
14/10/2020 10:35:41;23,484695;23,458871;23,897873;13,697807;
14/10/2020 10:35:41;23,484695;23,458871;23,872049;13,697807;
14/10/2020 10:35:41;23,484695;23,458871;23,872049;13,692642;
14/10/2020 10:35:41;23,458871;23,458871;23,872049;13,697807;
14/10/2020 10:35:41;23,484695;23,458871;23,872049;13,702971;
14/10/2020 10:35:41;23,484695;23,458871;23,846225;13,708136;
14/10/2020 10:35:41;23,484695;23,458871;23,846225;13,708136;
14/10/2020 10:35:41;23,484695;23,458871;23,872049;13,708136;
14/10/2020 10:35:41;23,484695;23,458871;23,846225;13,708136;
14/10/2020 10:35:41;23,484695;23,458871;23,872049;13,708136;
14/10/2020 10:35:41;23,484695;23,458871;23,846225;13,713301;
14/10/2020 10:35:41;23,484695;23,458871;23,872049;13,713301;
14/10/2020 10:35:41;23,510518;23,458871;23,872049;13,713301;
14/10/2020 10:35:41;23,510518;23,458871;23,846225;13,708136;
14/10/2020 10:35:41;23,510518;23,458871;23,846225;13,702971;
14/10/2020 10:35:41;23,484695;23,458871;23,846225;13,702971;
14/10/2020 10:35:41;23,484695;23,458871;23,846225;13,692642;
14/10/2020 10:35:41;23,484695;23,458871;23,846225;13,697807;
14/10/2020 10:35:41;23,484695;23,458871;23,846225;13,697807;
14/10/2020 10:35:42;23,510518;23,458871;23,846225;13,697807;
14/10/2020 10:35:42;23,484695;23,458871;23,846225;13,697807;
14/10/2020 10:35:42;23,484695;23,458871;23,846225;13,697807;
14/10/2020 10:35:42;23,484695;23,458871;23,846225;13,697807;
14/10/2020 10:35:42;23,484695;23,458871;23,846225;13,702971;
14/10/2020 10:35:42;23,484695;23,458871;23,846225;13,702971;
14/10/2020 10:35:42;23,484695;23,458871;23,846225;13,708136;
14/10/2020 10:35:42;23,484695;23,458871;23,846225;13,708136;
14/10/2020 10:35:42;23,484695;23,458871;23,872049;13,708136;
14/10/2020 10:35:42;23,484695;23,458871;23,872049;13,713301;
14/10/2020 10:35:42;23,484695;23,458871;23,897873;13,708136;
14/10/2020 10:35:42;23,484695;23,458871;23,872049;13,708136;
14/10/2020 10:35:42;23,484695;23,458871;23,872049;13,697807;
14/10/2020 10:35:42;23,484695;23,458871;23,872049;13,708136;
14/10/2020 10:35:42;23,484695;23,458871;23,872049;13,708136;
14/10/2020 10:35:42;23,484695;23,458871;23,872049;13,708136;
14/10/2020 10:35:42;23,484695;23,458871;23,872049;13,702971;
14/10/2020 10:35:42;23,484695;23,433047;23,872049;13,702971;
14/10/2020 10:35:42;23,510518;23,433047;23,872049;13,697807;
14/10/2020 10:35:42;23,484695;23,433047;23,872049;13,697807;
14/10/2020 10:35:42;23,484695;23,433047;23,872049;13,770113;
14/10/2020 10:35:42;23,510518;23,433047;23,872049;13,697807;
14/10/2020 10:35:42;23,510518;23,433047;23,872049;13,697807;
14/10/2020 10:35:42;23,484695;23,433047;23,872049;13,697807;
14/10/2020 10:35:42;23,484695;23,433047;23,897873;13,702971;
14/10/2020 10:35:42;23,484695;23,433047;23,872049;13,702971;
14/10/2020 10:35:42;23,510518;23,433047;23,872049;13,702971;
14/10/2020 10:35:42;23,484695;23,433047;23,872049;13,713301;
14/10/2020 10:35:42;23,484695;23,433047;23,872049;13,708136;
14/10/2020 10:35:42;23,510518;23,433047;23,872049;13,713301;
14/10/2020 10:35:42;23,484695;23,433047;23,872049;13,708136;
14/10/2020 10:35:42;23,484695;23,433047;23,872049;13,713301;
14/10/2020 10:35:42;23,510518;23,433047;23,872049;13,708136;
14/10/2020 10:35:42;23,510518;23,433047;23,872049;13,708136;
14/10/2020 10:35:42;23,510518;23,433047;23,872049;13,702971;
14/10/2020 10:35:42;23,510518;23,433047;23,872049;13,697807;
14/10/2020 10:35:42;23,510518;23,433047;23,872049;13,692642;
14/10/2020 10:35:42;23,510518;23,433047;23,872049;13,692642;
14/10/2020 10:35:42;23,484695;23,433047;23,872049;13,692642;
14/10/2020 10:35:42;23,484695;23,433047;23,872049;13,697807;
14/10/2020 10:35:42;23,484695;23,484695;23,872049;13,697807;
14/10/2020 10:35:42;23,484695;23,484695;23,872049;13,702971;
14/10/2020 10:35:42;23,484695;23,484695;23,846225;13,697807;
14/10/2020 10:35:42;23,484695;23,484695;23,846225;13,702971;
14/10/2020 10:35:42;23,484695;23,484695;23,872049;13,702971;
14/10/2020 10:35:42;23,484695;23,484695;23,846225;13,708136;
14/10/2020 10:35:42;23,484695;23,484695;23,872049;13,708136;
14/10/2020 10:35:43;23,484695;23,484695;23,846225;13,713301;
14/10/2020 10:35:43;23,484695;23,484695;23,846225;13,713301;
14/10/2020 10:35:43;23,484695;23,484695;23,846225;13,713301;
14/10/2020 10:35:43;23,484695;23,484695;23,846225;13,713301;
14/10/2020 10:35:43;23,484695;23,484695;23,846225;13,708136;
14/10/2020 10:35:43;23,484695;23,484695;23,846225;13,708136;
14/10/2020 10:35:43;23,484695;23,484695;23,846225;13,708136;
14/10/2020 10:35:43;23,484695;23,484695;23,846225;13,708136;
14/10/2020 10:35:43;23,484695;23,484695;23,872049;13,697807;
14/10/2020 10:35:43;23,484695;23,458871;23,897873;13,697807;
14/10/2020 10:35:43;23,484695;23,458871;23,897873;13,702971;
14/10/2020 10:35:43;23,458871;23,458871;23,897873;13,697807;
14/10/2020 10:35:43;23,484695;23,458871;23,897873;13,697807;
14/10/2020 10:35:43;23,458871;23,458871;23,897873;13,697807;
14/10/2020 10:35:43;23,458871;23,458871;23,897873;13,702971;
14/10/2020 10:35:43;23,484695;23,458871;23,897873;13,702971;
14/10/2020 10:35:43;23,484695;23,458871;23,897873;13,708136;
14/10/2020 10:35:43;23,484695;23,433047;23,897873;13,708136;
14/10/2020 10:35:43;23,484695;23,433047;23,897873;13,713301;
14/10/2020 10:35:43;23,484695;23,433047;23,846225;13,708136;
14/10/2020 10:35:43;23,484695;23,433047;23,846225;13,708136;
14/10/2020 10:35:43;23,484695;23,433047;23,846225;13,708136;
14/10/2020 10:35:43;23,484695;23,433047;23,846225;13,702971;
14/10/2020 10:35:43;23,510518;23,433047;23,846225;13,702971;
14/10/2020 10:35:43;23,484695;23,433047;23,872049;13,702971;
14/10/2020 10:35:43;23,484695;23,433047;23,846225;13,697807;
14/10/2020 10:35:43;23,484695;23,433047;23,872049;13,697807;
14/10/2020 10:35:43;23,484695;23,433047;23,846225;13,692642;
14/10/2020 10:35:43;23,484695;23,433047;23,846225;13,697807;
14/10/2020 10:35:43;23,484695;23,433047;23,872049;13,692642;
14/10/2020 10:35:43;23,484695;23,433047;23,846225;13,697807;
14/10/2020 10:35:43;23,484695;23,433047;23,872049;13,702971;
14/10/2020 10:35:43;23,484695;23,433047;23,846225;13,702971;
14/10/2020 10:35:43;23,458871;23,433047;23,846225;13,697807;
14/10/2020 10:35:43;23,484695;23,433047;23,872049;13,708136;
14/10/2020 10:35:43;23,484695;23,407224;23,872049;13,708136;
14/10/2020 10:35:43;23,484695;23,433047;23,846225;13,708136;
14/10/2020 10:35:43;23,484695;23,433047;23,872049;13,708136;
14/10/2020 10:35:43;23,484695;23,433047;23,872049;13,708136;
14/10/2020 10:35:43;23,484695;23,433047;23,846225;13,713301;
14/10/2020 10:35:43;23,484695;23,484695;23,872049;13,713301;
14/10/2020 10:35:43;23,484695;23,484695;23,872049;13,708136;
14/10/2020 10:35:43;23,510518;23,484695;23,897873;13,702971;
