05/06/2021 18:41;0;0.000000;0;0.000000;0.000870;0.000000;-0.198834;0.599419;0.000870;1.138721;-1.138721;-0.761229;-1.028798;-0.200000;0.600000;0.000000;41.000000;100.000000;100.000000;99.000000;0;4.452677;-0.686226;4.685090;-0.004213
05/06/2021 18:41;0;0.000000;0;0.000000;-0.091600;0.000000;-0.401114;0.588319;-0.091600;1.138721;-1.138721;-0.761229;-1.028798;-0.400000;0.600000;-0.100000;43.000000;100.000000;99.000000;99.000000;0;5.718035;1.482959;4.607619;0.000952
05/06/2021 18:41;0;0.000000;0;0.000000;0.000870;0.000000;-0.198834;0.599419;0.000870;1.138721;-1.138721;-0.761229;-1.028798;-0.200000;0.600000;0.000000;45.000000;100.000000;99.000000;99.000000;0;6.621862;3.109848;4.840031;0.000952
05/06/2021 18:41;0;0.000000;0;0.000000;0.001220;0.000000;-0.298254;0.899119;0.001220;1.138721;-1.138721;-0.761229;-1.028798;-0.300000;0.900000;0.000000;47.000000;99.000000;100.000000;99.000000;0;7.164158;4.168617;5.201562;0.000952
05/06/2021 18:41;0;0.000000;0;0.000000;31.885661;0.000000;21.533626;-2838.636379;31.885661;1.138721;-1.138721;-0.761229;-1.028798;20.500000;-2841.600098;1.100000;49.000000;253.000000;255.000000;255.000000;0;7.551513;5.020797;5.588917;0.000952
05/06/2021 18:41;0;0.000000;0;0.000000;0.010860;0.000000;-0.198474;-0.299681;0.010860;1.138721;-1.138721;-0.761229;-1.028798;-0.200000;-0.300000;0.000000;206.000000;100.000000;100.000000;100.000000;0;7.835573;5.614740;5.950448;0.000952
05/06/2021 18:41;0;0.000000;0;0.000000;-0.107020;0.000000;0.194926;-0.011081;-0.107020;1.138721;-1.138721;-0.761229;-1.028798;0.200000;0.000000;-0.100000;207.000000;100.000000;100.000000;100.000000;0;6.776804;4.116970;5.408151;0.000952
05/06/2021 18:41;0;0.000000;0;0.000000;-0.100010;0.000000;0.095746;-0.310781;-0.100010;1.138721;-1.138721;-0.761229;-1.028798;0.100000;-0.300000;-0.100000;208.000000;99.000000;100.000000;100.000000;0;6.131213;3.109848;5.020797;-0.004213
05/06/2021 18:41;0;0.000000;0;0.000000;0.000170;0.000000;0.000006;0.000019;0.000170;1.138721;-1.138721;-0.761229;-1.028798;0.000000;0.000000;0.000000;209.000000;99.000000;99.000000;100.000000;0;5.950448;2.774141;4.814208;0.000952
05/06/2021 18:41;0;0.000000;0;0.000000;0.000170;0.000000;0.000006;0.000019;0.000170;1.138721;-1.138721;-0.761229;-1.028798;0.000000;0.000000;0.000000;210.000000;100.000000;100.000000;100.000000;0;5.847153;2.567552;4.685090;0.006116
05/06/2021 18:41;0;0.000000;0;0.000000;-0.100010;0.000000;0.095746;-0.310781;-0.100010;1.138721;-1.138721;-0.761229;-1.028798;0.100000;-0.300000;-0.100000;211.000000;100.000000;100.000000;100.000000;0;5.872977;2.567552;4.633442;0.000952
05/06/2021 18:41;0;0.000000;0;0.000000;0.000170;0.000000;0.000006;0.000019;0.000170;1.138721;-1.138721;-0.761229;-1.028798;0.000000;0.000000;0.000000;212.000000;100.000000;99.000000;100.000000;0;5.795506;2.490081;4.607619;0.000952
05/06/2021 18:41;0;0.000000;0;0.000000;-0.087510;0.000000;-0.301534;-0.110981;-0.087510;1.138721;-1.138721;-0.761229;-1.028798;-0.300000;-0.100000;-0.100000;213.000000;100.000000;100.000000;100.000000;0;5.769682;2.412610;4.555971;0.000952
05/06/2021 18:41;0;0.000000;0;0.000000;-0.087510;0.000000;-0.301534;-0.110981;-0.087510;1.138721;-1.138721;-0.761229;-1.028798;-0.300000;-0.100000;-0.100000;214.000000;100.000000;100.000000;100.000000;0;5.743859;2.360963;4.530148;-0.004213
05/06/2021 18:41;0;0.000000;0;0.000000;0.000170;0.000000;0.000006;0.000019;0.000170;1.138721;-1.138721;-0.761229;-1.028798;0.000000;0.000000;0.000000;215.000000;100.000000;99.000000;99.000000;0;5.821330;2.464257;4.555971;0.000952
05/06/2021 18:41;0;0.000000;0;0.000000;0.000170;0.000000;0.000006;0.000019;0.000170;1.138721;-1.138721;-0.761229;-1.028798;0.000000;0.000000;0.000000;216.000000;100.000000;100.000000;100.000000;0;5.924624;2.645023;4.581795;0.000952
05/06/2021 18:41;0;0.000000;0;0.000000;-0.087510;0.000000;-0.301534;-0.110981;-0.087510;1.138721;-1.138721;-0.761229;-1.028798;-0.300000;-0.100000;-0.100000;217.000000;100.000000;100.000000;100.000000;0;5.821330;2.541728;4.555971;0.000952
05/06/2021 18:41;0;0.000000;0;0.000000;0.000170;0.000000;0.000006;0.000019;0.000170;1.138721;-1.138721;-0.761229;-1.028798;0.000000;0.000000;0.000000;218.000000;100.000000;99.000000;100.000000;0;5.718035;2.360963;4.504324;0.000952
05/06/2021 18:41;0;0.000000;0;0.000000;0.000170;0.000000;0.000006;0.000019;0.000170;1.138721;-1.138721;-0.761229;-1.028798;0.000000;0.000000;0.000000;219.000000;99.000000;100.000000;100.000000;0;5.769682;2.464257;4.530148;0.000952
05/06/2021 18:41;0;0.000000;0;0.000000;0.000170;0.000000;0.000006;0.000019;0.000170;1.138721;-1.138721;-0.761229;-1.028798;0.000000;0.000000;0.000000;220.000000;100.000000;100.000000;99.000000;0;5.743859;2.412610;4.530148;0.000952
05/06/2021 18:41;0;0.000000;0;0.000000;-0.100010;0.000000;0.095746;-0.310781;-0.100010;1.138721;-1.138721;-0.761229;-1.028798;0.100000;-0.300000;-0.100000;221.000000;100.000000;100.000000;100.000000;0;5.743859;2.386786;4.504324;0.006116
05/06/2021 18:41;0;0.000000;0;0.000000;0.000170;0.000000;0.000006;0.000019;0.000170;1.138721;-1.138721;-0.761229;-1.028798;0.000000;0.000000;0.000000;222.000000;100.000000;100.000000;100.000000;0;5.718035;2.335139;4.504324;0.000952
05/06/2021 18:41;0;0.000000;0;0.000000;-0.088970;0.000000;-0.202154;-0.310781;-0.088970;1.138721;-1.138721;-0.761229;-1.028798;-0.200000;-0.300000;-0.100000;223.000000;100.000000;100.000000;100.000000;0;5.872977;2.567552;4.555971;0.000952
05/06/2021 18:41;0;0.000000;0;0.000000;-0.100010;0.000000;0.095746;-0.310781;-0.100010;1.138721;-1.138721;-0.761229;-1.028798;0.100000;-0.300000;-0.100000;224.000000;100.000000;99.000000;100.000000;0;5.795506;2.464257;4.504324;0.000952
05/06/2021 18:41;0;0.000000;0;0.000000;0.000170;0.000000;0.000006;0.000019;0.000170;1.138721;-1.138721;-0.761229;-1.028798;0.000000;0.000000;0.000000;225.000000;100.000000;100.000000;100.000000;0;5.847153;2.541728;4.555971;0.000952
05/06/2021 18:41;0;0.000000;0;0.000000;-0.100010;0.000000;0.095746;-0.310781;-0.100010;1.138721;-1.138721;-0.761229;-1.028798;0.100000;-0.300000;-0.100000;226.000000;99.000000;100.000000;100.000000;0;5.769682;2.412610;4.530148;0.000952
05/06/2021 18:41;0;0.000000;0;0.000000;-0.087510;0.000000;-0.301534;-0.110981;-0.087510;1.138721;-1.138721;-0.761229;-1.028798;-0.300000;-0.100000;-0.100000;227.000000;100.000000;99.000000;100.000000;0;5.769682;2.412610;4.530148;0.000952
05/06/2021 18:41;0;0.000000;0;0.000000;-0.087510;0.000000;-0.301534;-0.110981;-0.087510;1.138721;-1.138721;-0.761229;-1.028798;-0.300000;-0.100000;-0.100000;228.000000;100.000000;100.000000;100.000000;0;5.898800;2.619199;4.581795;0.000952
05/06/2021 18:41;0;0.000000;0;0.000000;0.000170;0.000000;0.000006;0.000019;0.000170;1.138721;-1.138721;-0.761229;-1.028798;0.000000;0.000000;0.000000;229.000000;99.000000;100.000000;100.000000;0;5.795506;2.490081;4.555971;0.000952
05/06/2021 18:41;0;0.000000;0;0.000000;-0.100010;0.000000;0.095746;-0.310781;-0.100010;1.138721;-1.138721;-0.761229;-1.028798;0.100000;-0.300000;-0.100000;230.000000;100.000000;99.000000;100.000000;0;5.769682;2.412610;4.530148;0.000952
05/06/2021 18:41;0;0.000000;0;0.000000;-0.087510;0.000000;-0.301534;-0.110981;-0.087510;1.138721;-1.138721;-0.761229;-1.028798;-0.300000;-0.100000;-0.100000;231.000000;100.000000;100.000000;100.000000;0;5.795506;2.490081;4.530148;0.000952
05/06/2021 18:41;0;0.000000;0;0.000000;0.000170;0.000000;0.000006;0.000019;0.000170;1.138721;-1.138721;-0.761229;-1.028798;0.000000;0.000000;0.000000;232.000000;100.000000;99.000000;100.000000;0;5.743859;2.438434;4.504324;-0.009378
05/06/2021 18:41;0;0.000000;0;0.000000;0.000170;0.000000;0.000006;0.000019;0.000170;1.138721;-1.138721;-0.761229;-1.028798;0.000000;0.000000;0.000000;233.000000;100.000000;100.000000;100.000000;0;5.872977;2.619199;4.581795;0.000952
05/06/2021 18:41;0;0.000000;0;0.000000;0.000170;0.000000;0.000006;0.000019;0.000170;1.138721;-1.138721;-0.761229;-1.028798;0.000000;0.000000;0.000000;234.000000;100.000000;99.000000;100.000000;0;5.769682;2.464257;4.530148;0.000952
05/06/2021 18:41;0;0.000000;0;0.000000;0.000170;0.000000;0.000006;0.000019;0.000170;1.138721;-1.138721;-0.761229;-1.028798;0.000000;0.000000;0.000000;235.000000;100.000000;99.000000;100.000000;0;5.743859;2.412610;4.530148;0.000952
05/06/2021 18:41;0;0.000000;0;0.000000;-0.087510;0.000000;-0.301534;-0.110981;-0.087510;1.138721;-1.138721;-0.761229;-1.028798;-0.300000;-0.100000;-0.100000;236.000000;100.000000;100.000000;100.000000;0;5.769682;2.438434;4.530148;0.000952
05/06/2021 18:41;0;0.000000;0;0.000000;0.000170;0.000000;0.000006;0.000019;0.000170;1.138721;-1.138721;-0.761229;-1.028798;0.000000;0.000000;0.000000;237.000000;100.000000;99.000000;100.000000;0;5.743859;2.412610;4.504324;0.000952
05/06/2021 18:41;0;0.000000;0;0.000000;-0.087510;0.000000;-0.301534;-0.110981;-0.087510;1.138721;-1.138721;-0.761229;-1.028798;-0.300000;-0.100000;-0.100000;238.000000;100.000000;100.000000;100.000000;0;5.821330;2.490081;4.555971;0.000952
05/06/2021 18:41;0;0.000000;0;0.000000;-0.087510;0.000000;-0.301534;-0.110981;-0.087510;1.138721;-1.138721;-0.761229;-1.028798;-0.300000;-0.100000;-0.100000;239.000000;99.000000;100.000000;100.000000;0;5.795506;2.541728;4.555971;0.000952
05/06/2021 18:41;0;0.000000;0;0.000000;-0.105560;0.000000;0.095546;0.188719;-0.105560;1.138721;-1.138721;-0.761229;-1.028798;0.100000;0.200000;-0.100000;240.000000;100.000000;99.000000;100.000000;0;5.795506;2.490081;4.555971;0.000952
05/06/2021 18:41;0;0.000000;0;0.000000;-0.087510;0.000000;-0.301534;-0.110981;-0.087510;1.138721;-1.138721;-0.761229;-1.028798;-0.300000;-0.100000;-0.100000;241.000000;100.000000;99.000000;100.000000;0;5.743859;2.490081;4.530148;0.000952
05/06/2021 18:41;0;0.000000;0;0.000000;-0.087510;0.000000;-0.301534;-0.110981;-0.087510;1.138721;-1.138721;-0.761229;-1.028798;-0.300000;-0.100000;-0.100000;242.000000;100.000000;100.000000;100.000000;0;5.795506;2.464257;4.530148;0.000952
05/06/2021 18:41;0;0.000000;0;0.000000;-0.199840;0.000000;0.092066;-0.321881;-0.199840;1.138721;-1.138721;-0.761229;-1.028798;0.100000;-0.300000;-0.200000;243.000000;100.000000;100.000000;100.000000;0;5.718035;2.386786;4.504324;0.000952
05/06/2021 18:41;0;0.000000;0;0.000000;-0.198380;0.000000;-0.007314;-0.122081;-0.198380;1.138721;-1.138721;-0.761229;-1.028798;0.000000;-0.100000;-0.200000;244.000000;100.000000;99.000000;100.000000;0;5.847153;2.593375;4.530148;0.000952
05/06/2021 18:41;0;0.000000;0;0.000000;-0.198380;0.000000;-0.007314;-0.122081;-0.198380;1.138721;-1.138721;-0.761229;-1.028798;0.000000;-0.100000;-0.200000;245.000000;100.000000;100.000000;100.000000;0;5.769682;2.438434;4.530148;0.000952
05/06/2021 18:41;0;0.000000;0;0.000000;-0.087510;0.000000;-0.301534;-0.110981;-0.087510;1.138721;-1.138721;-0.761229;-1.028798;-0.300000;-0.100000;-0.100000;246.000000;100.000000;100.000000;100.000000;0;5.821330;2.541728;4.555971;0.000952
05/06/2021 18:41;0;0.000000;0;0.000000;-0.107020;0.000000;0.194926;-0.011081;-0.107020;1.138721;-1.138721;-0.761229;-1.028798;0.200000;0.000000;-0.100000;247.000000;100.000000;100.000000;100.000000;0;5.718035;2.464257;4.530148;0.000952
05/06/2021 18:41;0;0.000000;0;0.000000;-0.198380;0.000000;-0.007314;-0.122081;-0.198380;1.138721;-1.138721;-0.761229;-1.028798;0.000000;-0.100000;-0.200000;248.000000;100.000000;100.000000;100.000000;0;5.769682;2.438434;4.504324;0.000952
05/06/2021 18:41;0;0.000000;0;0.000000;-0.198380;0.000000;-0.007314;-0.122081;-0.198380;1.138721;-1.138721;-0.761229;-1.028798;0.000000;-0.100000;-0.200000;249.000000;100.000000;100.000000;99.000000;0;5.872977;2.619199;4.581795;0.000952
05/06/2021 18:41;0;0.000000;0;0.000000;0.009400;0.000000;-0.099094;-0.499481;0.009400;1.138721;-1.138721;-0.761229;-1.028798;-0.100000;-0.500000;0.000000;250.000000;100.000000;100.000000;100.000000;0;5.614740;2.309315;4.478501;0.000952
05/06/2021 18:41;0;0.000000;0;0.000000;-0.084530;0.000000;-0.201994;-0.710381;-0.084530;1.138721;-1.138721;-0.761229;-1.028798;-0.200000;-0.700000;-0.100000;251.000000;100.000000;100.000000;100.000000;0;5.743859;2.515904;4.530148;0.000952
05/06/2021 18:41;0;0.000000;0;0.000000;0.115130;0.000000;-0.194634;-0.688181;0.115130;1.138721;-1.138721;-0.761229;-1.028798;-0.200000;-0.700000;0.100000;252.000000;100.000000;100.000000;100.000000;0;5.666388;2.412610;4.504324;0.006116
05/06/2021 18:41;0;0.000000;0;0.000000;0.027450;0.000000;-0.496174;-0.799181;0.027450;1.138721;-1.138721;-0.761229;-1.028798;-0.500000;-0.800000;0.000000;253.000000;100.000000;99.000000;100.000000;0;5.614740;2.360963;4.478501;-0.004213
05/06/2021 18:41;0;0.000000;0;0.000000;0.000170;0.000000;0.000006;0.000019;0.000170;1.138721;-1.138721;-0.761229;-1.028798;0.000000;0.000000;0.000000;254.000000;100.000000;100.000000;100.000000;0;5.718035;2.438434;4.504324;0.000952
05/06/2021 18:41;0;0.000000;0;0.000000;-0.094520;0.000000;-0.202354;0.188719;-0.094520;1.138721;-1.138721;-0.761229;-1.028798;-0.200000;0.200000;-0.100000;255.000000;100.000000;100.000000;100.000000;0;5.692211;2.360963;4.478501;0.000952
05/06/2021 18:41;0;0.000000;0;0.000000;-0.205390;0.000000;0.091866;0.177619;-0.205390;1.138721;-1.138721;-0.761229;-1.028798;0.100000;0.200000;-0.200000;0.000000;99.000000;100.000000;100.000000;0;5.847153;2.567552;4.555971;0.000952
05/06/2021 18:41;0;0.000000;0;0.000000;-0.198380;0.000000;-0.007314;-0.122081;-0.198380;1.138721;-1.138721;-0.761229;-1.028798;0.000000;-0.100000;-0.200000;1.000000;99.000000;100.000000;100.000000;0;5.795506;2.515904;4.530148;0.000952
05/06/2021 18:41;0;0.000000;0;0.000000;-0.211290;0.000000;0.191086;0.377419;-0.211290;1.138721;-1.138721;-0.761229;-1.028798;0.200000;0.400000;-0.200000;2.000000;100.000000;100.000000;100.000000;0;5.795506;2.464257;4.530148;0.000952
05/06/2021 18:41;0;0.000000;0;0.000000;-0.203930;0.000000;-0.007514;0.377419;-0.203930;1.138721;-1.138721;-0.761229;-1.028798;0.000000;0.400000;-0.200000;3.000000;100.000000;100.000000;100.000000;0;5.743859;2.412610;4.504324;0.000952
05/06/2021 18:41;0;0.000000;0;0.000000;-0.310710;0.000000;0.386286;-0.332981;-0.310710;1.138721;-1.138721;-0.761229;-1.028798;0.400000;-0.300000;-0.300000;4.000000;99.000000;99.000000;100.000000;0;5.821330;2.515904;4.530148;0.000952
05/06/2021 18:41;0;0.000000;0;0.000000;-0.101470;0.000000;0.195126;-0.510581;-0.101470;1.138721;-1.138721;-0.761229;-1.028798;0.200000;-0.500000;-0.100000;5.000000;99.000000;100.000000;100.000000;0;5.872977;2.567552;4.555971;0.000952
05/06/2021 18:41;0;0.000000;0;0.000000;-0.199840;0.000000;0.092066;-0.321881;-0.199840;1.138721;-1.138721;-0.761229;-1.028798;0.100000;-0.300000;-0.200000;6.000000;100.000000;100.000000;100.000000;0;5.821330;2.567552;4.555971;0.006116
05/06/2021 18:41;0;0.000000;0;0.000000;-0.095570;0.000000;0.095906;-0.710381;-0.095570;1.138721;-1.138721;-0.761229;-1.028798;0.100000;-0.700000;-0.100000;7.000000;99.000000;99.000000;100.000000;0;5.795506;2.490081;4.530148;0.000952
05/06/2021 18:41;0;0.000000;0;0.000000;-0.084530;0.000000;-0.201994;-0.710381;-0.084530;1.138721;-1.138721;-0.761229;-1.028798;-0.200000;-0.700000;-0.100000;8.000000;100.000000;99.000000;100.000000;0;5.769682;2.438434;4.530148;0.000952
05/06/2021 18:41;0;0.000000;0;0.000000;-0.107020;0.000000;0.194926;-0.011081;-0.107020;1.138721;-1.138721;-0.761229;-1.028798;0.200000;0.000000;-0.100000;9.000000;100.000000;100.000000;100.000000;0;5.743859;2.412610;4.504324;0.000952
05/06/2021 18:41;0;0.000000;0;0.000000;-0.111460;0.000000;0.194766;0.388519;-0.111460;1.138721;-1.138721;-0.761229;-1.028798;0.200000;0.400000;-0.100000;10.000000;99.000000;100.000000;100.000000;0;5.769682;2.412610;4.504324;0.000952
05/06/2021 18:41;0;0.000000;0;0.000000;-0.188800;0.000000;-0.205834;-0.321881;-0.188800;1.138721;-1.138721;-0.761229;-1.028798;-0.200000;-0.300000;-0.200000;11.000000;99.000000;100.000000;100.000000;0;5.898800;2.619199;4.555971;0.000952
05/06/2021 18:41;0;0.000000;0;0.000000;-0.211290;0.000000;0.191086;0.377419;-0.211290;1.138721;-1.138721;-0.761229;-1.028798;0.200000;0.400000;-0.200000;12.000000;99.000000;100.000000;99.000000;0;5.847153;2.541728;4.555971;-0.004213
05/06/2021 18:41;0;0.000000;0;0.000000;-0.298620;0.000000;-0.209874;0.566119;-0.298620;1.138721;-1.138721;-0.761229;-1.028798;-0.200000;0.600000;-0.300000;13.000000;99.000000;100.000000;100.000000;0;5.769682;2.438434;4.530148;0.006116
05/06/2021 18:41;0;0.000000;0;0.000000;-0.303760;0.000000;-0.011194;0.366319;-0.303760;1.138721;-1.138721;-0.761229;-1.028798;0.000000;0.400000;-0.300000;14.000000;99.000000;100.000000;100.000000;0;5.795506;2.490081;4.555971;0.000952
05/06/2021 18:41;0;0.000000;0;0.000000;-0.303760;0.000000;-0.011194;0.366319;-0.303760;1.138721;-1.138721;-0.761229;-1.028798;0.000000;0.400000;-0.300000;15.000000;99.000000;99.000000;100.000000;0;5.795506;2.412610;4.530148;0.006116
05/06/2021 18:41;0;0.000000;0;0.000000;-0.287170;0.000000;-0.308894;-0.133181;-0.287170;1.138721;-1.138721;-0.761229;-1.028798;-0.300000;-0.100000;-0.300000;16.000000;99.000000;99.000000;100.000000;0;5.898800;2.645023;4.581795;0.006116
05/06/2021 18:41;0;0.000000;0;0.000000;-0.199840;0.000000;0.092066;-0.321881;-0.199840;1.138721;-1.138721;-0.761229;-1.028798;0.100000;-0.300000;-0.200000;17.000000;99.000000;99.000000;100.000000;0;5.821330;2.541728;4.555971;0.000952
05/06/2021 18:41;0;0.000000;0;0.000000;-0.295230;0.000000;0.088546;-0.732581;-0.295230;1.138721;-1.138721;-0.761229;-1.028798;0.100000;-0.700000;-0.300000;18.000000;100.000000;99.000000;100.000000;0;5.795506;2.464257;4.530148;0.000952
05/06/2021 18:41;0;0.000000;0;0.000000;-0.207200;0.000000;0.290666;-0.321881;-0.207200;1.138721;-1.138721;-0.761229;-1.028798;0.300000;-0.300000;-0.200000;19.000000;100.000000;99.000000;100.000000;0;5.769682;2.438434;4.530148;0.000952
05/06/2021 18:41;0;0.000000;0;0.000000;-0.305220;0.000000;0.088186;0.166519;-0.305220;1.138721;-1.138721;-0.761229;-1.028798;0.100000;0.200000;-0.300000;20.000000;100.000000;100.000000;100.000000;0;5.821330;2.515904;4.555971;-0.004213
05/06/2021 18:41;0;0.000000;0;0.000000;-0.316260;0.000000;0.386086;0.166519;-0.316260;1.138721;-1.138721;-0.761229;-1.028798;0.400000;0.200000;-0.300000;21.000000;100.000000;100.000000;100.000000;0;5.898800;2.645023;4.581795;0.000952
05/06/2021 18:41;0;0.000000;0;0.000000;-0.290090;0.000000;-0.110134;-0.532781;-0.290090;1.138721;-1.138721;-0.761229;-1.028798;-0.100000;-0.500000;-0.300000;22.000000;100.000000;100.000000;100.000000;0;5.821330;2.541728;4.555971;0.000952
05/06/2021 18:41;0;0.000000;0;0.000000;-0.213800;0.000000;0.588726;-0.721481;-0.213800;1.138721;-1.138721;-0.761229;-1.028798;0.600000;-0.700000;-0.200000;23.000000;100.000000;100.000000;100.000000;0;5.795506;2.490081;4.530148;0.000952
05/06/2021 18:41;0;0.000000;0;0.000000;-0.323620;0.000000;0.584686;0.166519;-0.323620;1.138721;-1.138721;-0.761229;-1.028798;0.600000;0.200000;-0.300000;24.000000;100.000000;100.000000;100.000000;0;5.769682;2.412610;4.530148;0.000952
05/06/2021 18:41;0;0.000000;0;0.000000;-0.211290;0.000000;0.191086;0.377419;-0.211290;1.138721;-1.138721;-0.761229;-1.028798;0.200000;0.400000;-0.200000;25.000000;99.000000;100.000000;100.000000;0;5.769682;2.412610;4.504324;0.000952
05/06/2021 18:41;0;0.000000;0;0.000000;-0.298210;0.000000;-0.010994;-0.133181;-0.298210;1.138721;-1.138721;-0.761229;-1.028798;0.000000;-0.100000;-0.300000;26.000000;100.000000;99.000000;100.000000;0;5.795506;2.490081;4.530148;-0.030037
05/06/2021 18:41;0;0.000000;0;0.000000;-0.305220;0.000000;0.088186;0.166519;-0.305220;1.138721;-1.138721;-0.761229;-1.028798;0.100000;0.200000;-0.300000;27.000000;99.000000;100.000000;100.000000;0;5.769682;2.464257;4.530148;0.000952
05/06/2021 18:41;0;0.000000;0;0.000000;-0.199840;0.000000;0.092066;-0.321881;-0.199840;1.138721;-1.138721;-0.761229;-1.028798;0.100000;-0.300000;-0.200000;28.000000;99.000000;100.000000;99.000000;0;5.924624;2.670846;4.581795;0.000952
05/06/2021 18:41;0;0.000000;0;0.000000;-0.389920;0.000000;-0.113814;-0.543881;-0.389920;1.138721;-1.138721;-0.761229;-1.028798;-0.100000;-0.500000;-0.400000;29.000000;100.000000;100.000000;99.000000;0;5.821330;2.515904;4.555971;0.006116
05/06/2021 18:41;0;0.000000;0;0.000000;-0.583390;0.000000;1.569486;2.242219;-0.583390;1.138721;-1.138721;-0.761229;-1.028798;1.600000;2.300000;-0.500000;30.000000;100.000000;100.000000;100.000000;0;5.795506;2.438434;4.504324;0.000952
05/06/2021 18:41;0;0.000000;0;0.000000;-0.217890;0.000000;0.489146;-0.022181;-0.217890;1.138721;-1.138721;-0.761229;-1.028798;0.500000;0.000000;-0.200000;31.000000;100.000000;100.000000;100.000000;0;5.769682;2.438434;4.530148;0.000952
05/06/2021 18:41;0;0.000000;0;0.000000;-0.223790;0.000000;0.588366;0.177619;-0.223790;1.138721;-1.138721;-0.761229;-1.028798;0.600000;0.200000;-0.200000;32.000000;100.000000;100.000000;100.000000;0;5.795506;2.490081;4.530148;0.000952
05/06/2021 18:41;0;0.000000;0;0.000000;-0.320700;0.000000;0.385926;0.566119;-0.320700;1.138721;-1.138721;-0.761229;-1.028798;0.400000;0.600000;-0.300000;33.000000;100.000000;100.000000;100.000000;0;5.847153;2.567552;4.581795;0.006116
05/06/2021 18:41;0;0.000000;0;0.000000;-0.305220;0.000000;0.088186;0.166519;-0.305220;1.138721;-1.138721;-0.761229;-1.028798;0.100000;0.200000;-0.300000;34.000000;100.000000;100.000000;99.000000;0;5.872977;2.567552;4.555971;0.006116
05/06/2021 18:41;0;0.000000;0;0.000000;-0.111460;0.000000;0.194766;0.388519;-0.111460;1.138721;-1.138721;-0.761229;-1.028798;0.200000;0.400000;-0.100000;35.000000;100.000000;99.000000;100.000000;0;5.795506;2.490081;4.555971;0.000952
05/06/2021 18:41;0;0.000000;0;0.000000;-0.104100;0.000000;-0.003834;0.388519;-0.104100;1.138721;-1.138721;-0.761229;-1.028798;0.000000;0.400000;-0.100000;36.000000;100.000000;100.000000;100.000000;0;5.769682;2.464257;4.530148;0.000952
05/06/2021 18:41;0;0.000000;0;0.000000;-0.011630;0.000000;0.198446;0.399619;-0.011630;1.138721;-1.138721;-0.761229;-1.028798;0.200000;0.400000;0.000000;37.000000;100.000000;99.000000;100.000000;0;5.769682;2.412610;4.504324;0.000952
05/06/2021 18:41;0;0.000000;0;0.000000;-0.222330;0.000000;0.488986;0.377419;-0.222330;1.138721;-1.138721;-0.761229;-1.028798;0.500000;0.400000;-0.200000;38.000000;100.000000;99.000000;100.000000;0;5.795506;2.490081;4.530148;0.000952
05/06/2021 18:41;0;0.000000;0;0.000000;-0.105560;0.000000;0.095546;0.188719;-0.105560;1.138721;-1.138721;-0.761229;-1.028798;0.100000;0.200000;-0.100000;39.000000;99.000000;99.000000;99.000000;0;5.872977;2.619199;4.581795;0.000952
05/06/2021 18:41;0;0.000000;0;0.000000;-0.211290;0.000000;0.191086;0.377419;-0.211290;1.138721;-1.138721;-0.761229;-1.028798;0.200000;0.400000;-0.200000;40.000000;100.000000;100.000000;100.000000;0;5.795506;2.490081;4.530148;0.000952
05/06/2021 18:41;0;0.000000;0;0.000000;-0.322160;0.000000;0.485306;0.366319;-0.322160;1.138721;-1.138721;-0.761229;-1.028798;0.500000;0.400000;-0.300000;41.000000;100.000000;100.000000;99.000000;0;5.847153;2.541728;4.530148;0.000952
05/06/2021 18:41;0;0.000000;0;0.000000;-0.222330;0.000000;0.488986;0.377419;-0.222330;1.138721;-1.138721;-0.761229;-1.028798;0.500000;0.400000;-0.200000;42.000000;100.000000;100.000000;99.000000;0;5.795506;2.490081;4.530148;0.000952
05/06/2021 18:41;0;0.000000;0;0.000000;-0.323620;0.000000;0.584686;0.166519;-0.323620;1.138721;-1.138721;-0.761229;-1.028798;0.600000;0.200000;-0.300000;43.000000;99.000000;100.000000;100.000000;0;5.769682;2.412610;4.530148;0.000952
05/06/2021 18:41;0;0.000000;0;0.000000;-0.238920;0.000000;0.786686;0.876919;-0.238920;1.138721;-1.138721;-0.761229;-1.028798;0.800000;0.900000;-0.200000;44.000000;100.000000;100.000000;99.000000;0;5.898800;2.645023;4.555971;0.000952
05/06/2021 18:41;0;0.000000;0;0.000000;-0.344650;0.000000;0.882226;1.065619;-0.344650;1.138721;-1.138721;-0.761229;-1.028798;0.900000;1.100000;-0.300000;45.000000;100.000000;100.000000;99.000000;0;5.821330;2.515904;4.530148;0.006116
05/06/2021 18:41;0;0.000000;0;0.000000;-0.011630;0.000000;0.198446;0.399619;-0.011630;1.138721;-1.138721;-0.761229;-1.028798;0.200000;0.400000;0.000000;46.000000;100.000000;99.000000;100.000000;0;5.821330;2.541728;4.555971;0.000952
05/06/2021 18:41;0;0.000000;0;0.000000;-0.222330;0.000000;0.488986;0.377419;-0.222330;1.138721;-1.138721;-0.761229;-1.028798;0.500000;0.400000;-0.200000;47.000000;100.000000;100.000000;100.000000;0;5.795506;2.464257;4.530148;0.000952
05/06/2021 18:41;0;0.000000;0;0.000000;0.204970;0.000000;-0.191314;0.222019;0.204970;1.138721;-1.138721;-0.761229;-1.028798;-0.200000;0.200000;0.200000;48.000000;99.000000;100.000000;100.000000;0;5.821330;2.515904;4.530148;0.006116
05/06/2021 18:41;0;0.000000;0;0.000000;0.000170;0.000000;0.000006;0.000019;0.000170;1.138721;-1.138721;-0.761229;-1.028798;0.000000;0.000000;0.000000;49.000000;100.000000;100.000000;100.000000;0;5.872977;2.619199;4.581795;0.000952
05/06/2021 18:41;0;0.000000;0;0.000000;-0.116600;0.000000;0.393446;0.188719;-0.116600;1.138721;-1.138721;-0.761229;-1.028798;0.400000;0.200000;-0.100000;50.000000;100.000000;100.000000;100.000000;0;5.821330;2.515904;4.555971;0.000952
05/06/2021 18:41;0;0.000000;0;0.000000;-0.319530;0.000000;0.684266;-0.532781;-0.319530;1.138721;-1.138721;-0.761229;-1.028798;0.700000;-0.500000;-0.300000;51.000000;100.000000;100.000000;100.000000;0;5.795506;2.490081;4.530148;0.000952
05/06/2021 18:41;0;0.000000;0;0.000000;0.005310;0.000000;-0.198674;0.199819;0.005310;1.138721;-1.138721;-0.761229;-1.028798;-0.200000;0.200000;0.000000;52.000000;100.000000;99.000000;100.000000;0;5.769682;2.464257;4.530148;-0.004213
05/06/2021 18:41;0;0.000000;0;0.000000;-0.107020;0.000000;0.194926;-0.011081;-0.107020;1.138721;-1.138721;-0.761229;-1.028798;0.200000;0.000000;-0.100000;53.000000;100.000000;99.000000;100.000000;0;5.769682;2.438434;4.530148;-0.004213
05/06/2021 18:41;0;0.000000;0;0.000000;-0.105560;0.000000;0.095546;0.188719;-0.105560;1.138721;-1.138721;-0.761229;-1.028798;0.100000;0.200000;-0.100000;54.000000;100.000000;100.000000;99.000000;0;5.847153;2.541728;4.555971;0.000952
05/06/2021 18:41;0;0.000000;0;0.000000;-0.238920;0.000000;0.786686;0.876919;-0.238920;1.138721;-1.138721;-0.761229;-1.028798;0.800000;0.900000;-0.200000;55.000000;100.000000;100.000000;100.000000;0;5.872977;2.593375;4.555971;0.000952
05/06/2021 18:41;0;0.000000;0;0.000000;-0.332150;0.000000;0.484946;1.265419;-0.332150;1.138721;-1.138721;-0.761229;-1.028798;0.500000;1.300000;-0.300000;56.000000;100.000000;100.000000;100.000000;0;5.795506;2.490081;4.530148;0.000952
05/06/2021 18:41;0;0.000000;0;0.000000;-0.326250;0.000000;0.385726;1.065619;-0.326250;1.138721;-1.138721;-0.761229;-1.028798;0.400000;1.100000;-0.300000;57.000000;100.000000;100.000000;100.000000;0;5.847153;2.567552;4.555971;-0.004213
05/06/2021 18:41;0;0.000000;0;0.000000;-0.209830;0.000000;0.091706;0.577219;-0.209830;1.138721;-1.138721;-0.761229;-1.028798;0.100000;0.600000;-0.200000;58.000000;100.000000;99.000000;99.000000;0;5.769682;2.438434;4.530148;0.000952
05/06/2021 18:41;0;0.000000;0;0.000000;-0.203930;0.000000;-0.007514;0.377419;-0.203930;1.138721;-1.138721;-0.761229;-1.028798;0.000000;0.400000;-0.200000;59.000000;100.000000;99.000000;100.000000;0;5.718035;2.412610;4.530148;0.000952
05/06/2021 18:41;0;0.000000;0;0.000000;-0.203930;0.000000;-0.007514;0.377419;-0.203930;1.138721;-1.138721;-0.761229;-1.028798;0.000000;0.400000;-0.200000;60.000000;100.000000;100.000000;99.000000;0;5.847153;2.515904;4.555971;0.006116
05/06/2021 18:41;0;0.000000;0;0.000000;-0.205390;0.000000;0.091866;0.177619;-0.205390;1.138721;-1.138721;-0.761229;-1.028798;0.100000;0.200000;-0.200000;61.000000;100.000000;100.000000;100.000000;0;5.847153;2.567552;4.555971;0.000952
05/06/2021 18:41;0;0.000000;0;0.000000;-0.233780;0.000000;0.588006;1.076719;-0.233780;1.138721;-1.138721;-0.761229;-1.028798;0.600000;1.100000;-0.200000;62.000000;100.000000;100.000000;99.000000;0;5.872977;2.593375;4.581795;0.000952
05/06/2021 18:41;0;0.000000;0;0.000000;-0.348740;0.000000;0.782646;1.764919;-0.348740;1.138721;-1.138721;-0.761229;-1.028798;0.800000;1.800000;-0.300000;63.000000;100.000000;100.000000;100.000000;0;5.769682;2.464257;4.530148;0.000952
05/06/2021 18:41;0;0.000000;0;0.000000;-0.255510;0.000000;1.084386;1.376419;-0.255510;1.138721;-1.138721;-0.761229;-1.028798;1.100000;1.400000;-0.200000;64.000000;100.000000;100.000000;100.000000;0;5.821330;2.541728;4.555971;0.000952
05/06/2021 18:41;0;0.000000;0;0.000000;-0.343190;0.000000;0.782846;1.265419;-0.343190;1.138721;-1.138721;-0.761229;-1.028798;0.800000;1.300000;-0.300000;65.000000;100.000000;100.000000;99.000000;0;5.795506;2.464257;4.530148;0.000952
05/06/2021 18:41;0;0.000000;0;0.000000;-0.361240;0.000000;1.179926;1.565119;-0.361240;1.138721;-1.138721;-0.761229;-1.028798;1.200000;1.600000;-0.300000;66.000000;100.000000;100.000000;100.000000;0;5.743859;2.438434;4.530148;0.000952
05/06/2021 18:41;0;0.000000;0;0.000000;-0.361240;0.000000;1.179926;1.565119;-0.361240;1.138721;-1.138721;-0.761229;-1.028798;1.200000;1.600000;-0.300000;67.000000;100.000000;100.000000;100.000000;0;5.898800;2.645023;4.581795;0.000952
05/06/2021 18:41;0;0.000000;0;0.000000;-0.362700;0.000000;1.279306;1.365319;-0.362700;1.138721;-1.138721;-0.761229;-1.028798;1.300000;1.400000;-0.300000;68.000000;100.000000;100.000000;100.000000;0;5.847153;2.567552;4.555971;0.000952
05/06/2021 18:41;0;0.000000;0;0.000000;-0.455520;0.000000;1.176446;1.054519;-0.455520;1.138721;-1.138721;-0.761229;-1.028798;1.200000;1.100000;-0.400000;69.000000;100.000000;100.000000;99.000000;0;5.795506;2.490081;4.530148;0.000952
05/06/2021 18:41;0;0.000000;0;0.000000;-0.238920;0.000000;0.786686;0.876919;-0.238920;1.138721;-1.138721;-0.761229;-1.028798;0.800000;0.900000;-0.200000;70.000000;100.000000;100.000000;100.000000;0;5.769682;2.464257;4.555971;0.006116
05/06/2021 18:41;0;0.000000;0;0.000000;-0.255510;0.000000;1.084386;1.376419;-0.255510;1.138721;-1.138721;-0.761229;-1.028798;1.100000;1.400000;-0.200000;71.000000;100.000000;100.000000;100.000000;0;5.743859;2.386786;4.530148;0.000952
05/06/2021 18:41;0;0.000000;0;0.000000;-0.355340;0.000000;1.080706;1.365319;-0.355340;1.138721;-1.138721;-0.761229;-1.028798;1.100000;1.400000;-0.300000;72.000000;100.000000;100.000000;100.000000;0;5.872977;2.593375;4.555971;0.000952
05/06/2021 18:41;0;0.000000;0;0.000000;-0.361240;0.000000;1.179926;1.565119;-0.361240;1.138721;-1.138721;-0.761229;-1.028798;1.200000;1.600000;-0.300000;73.000000;100.000000;100.000000;100.000000;0;5.872977;2.619199;4.581795;0.000952
05/06/2021 18:41;0;0.000000;0;0.000000;-0.266900;0.000000;1.481706;1.076719;-0.266900;1.138721;-1.138721;-0.761229;-1.028798;1.500000;1.100000;-0.200000;74.000000;100.000000;100.000000;100.000000;0;5.769682;2.490081;4.530148;0.000952
05/06/2021 18:41;0;0.000000;0;0.000000;-0.455520;0.000000;1.176446;1.054519;-0.455520;1.138721;-1.138721;-0.761229;-1.028798;1.200000;1.100000;-0.400000;75.000000;100.000000;100.000000;100.000000;0;5.769682;2.464257;4.530148;0.000952
05/06/2021 18:41;0;0.000000;0;0.000000;-0.246280;0.000000;0.985286;0.876919;-0.246280;1.138721;-1.138721;-0.761229;-1.028798;1.000000;0.900000;-0.200000;76.000000;100.000000;100.000000;100.000000;0;5.769682;2.438434;4.530148;0.006116
05/06/2021 18:41;0;0.000000;0;0.000000;-0.255510;0.000000;1.084386;1.376419;-0.255510;1.138721;-1.138721;-0.761229;-1.028798;1.100000;1.400000;-0.200000;77.000000;100.000000;100.000000;100.000000;0;5.872977;2.593375;4.555971;0.000952
05/06/2021 18:41;0;0.000000;0;0.000000;-0.338750;0.000000;0.783006;0.865819;-0.338750;1.138721;-1.138721;-0.761229;-1.028798;0.800000;0.900000;-0.300000;78.000000;100.000000;100.000000;100.000000;0;5.898800;2.645023;4.581795;0.000952
05/06/2021 18:41;0;0.000000;0;0.000000;-0.355690;0.000000;1.180126;1.065619;-0.355690;1.138721;-1.138721;-0.761229;-1.028798;1.200000;1.100000;-0.300000;79.000000;100.000000;100.000000;99.000000;0;5.821330;2.515904;4.555971;0.000952
05/06/2021 18:41;0;0.000000;0;0.000000;-0.344650;0.000000;0.882226;1.065619;-0.344650;1.138721;-1.138721;-0.761229;-1.028798;0.900000;1.100000;-0.300000;80.000000;100.000000;100.000000;99.000000;0;5.769682;2.438434;4.530148;0.000952
05/06/2021 18:41;0;0.000000;0;0.000000;-0.255510;0.000000;1.084386;1.376419;-0.255510;1.138721;-1.138721;-0.761229;-1.028798;1.100000;1.400000;-0.200000;81.000000;100.000000;100.000000;100.000000;0;5.821330;2.515904;4.530148;0.000952
05/06/2021 18:41;0;0.000000;0;0.000000;-0.246280;0.000000;0.985286;0.876919;-0.246280;1.138721;-1.138721;-0.761229;-1.028798;1.000000;0.900000;-0.200000;82.000000;100.000000;100.000000;100.000000;0;5.743859;2.386786;4.504324;0.000952
05/06/2021 18:41;0;0.000000;0;0.000000;-0.266900;0.000000;1.481706;1.076719;-0.266900;1.138721;-1.138721;-0.761229;-1.028798;1.500000;1.100000;-0.200000;83.000000;100.000000;100.000000;100.000000;0;5.872977;2.593375;4.555971;0.000952
05/06/2021 18:41;0;0.000000;0;0.000000;-0.257320;0.000000;1.283186;0.876919;-0.257320;1.138721;-1.138721;-0.761229;-1.028798;1.300000;0.900000;-0.200000;84.000000;100.000000;100.000000;99.000000;0;5.872977;2.619199;4.581795;0.000952
05/06/2021 18:41;0;0.000000;0;0.000000;-0.333610;0.000000;0.584326;1.065619;-0.333610;1.138721;-1.138721;-0.761229;-1.028798;0.600000;1.100000;-0.300000;85.000000;99.000000;100.000000;100.000000;0;5.795506;2.490081;4.555971;-0.004213
05/06/2021 18:41;0;0.000000;0;0.000000;-0.340210;0.000000;0.882386;0.666019;-0.340210;1.138721;-1.138721;-0.761229;-1.028798;0.900000;0.700000;-0.300000;86.000000;100.000000;100.000000;100.000000;0;5.769682;2.438434;4.530148;-0.004213
05/06/2021 18:41;0;0.000000;0;0.000000;-0.338750;0.000000;0.783006;0.865819;-0.338750;1.138721;-1.138721;-0.761229;-1.028798;0.800000;0.900000;-0.300000;87.000000;100.000000;100.000000;100.000000;0;5.821330;2.515904;4.555971;-0.030037
05/06/2021 18:41;0;0.000000;0;0.000000;-0.244820;0.000000;0.885906;1.076719;-0.244820;1.138721;-1.138721;-0.761229;-1.028798;0.900000;1.100000;-0.200000;88.000000;100.000000;100.000000;100.000000;0;5.847153;2.567552;4.555971;0.000952
05/06/2021 18:41;0;0.000000;0;0.000000;-0.338750;0.000000;0.783006;0.865819;-0.338750;1.138721;-1.138721;-0.761229;-1.028798;0.800000;0.900000;-0.300000;89.000000;100.000000;100.000000;100.000000;0;5.847153;2.593375;4.581795;0.000952
05/06/2021 18:41;0;0.000000;0;0.000000;-0.326250;0.000000;0.385726;1.065619;-0.326250;1.138721;-1.138721;-0.761229;-1.028798;0.400000;1.100000;-0.300000;90.000000;100.000000;100.000000;100.000000;0;5.795506;2.464257;4.530148;0.000952
05/06/2021 18:41;0;0.000000;0;0.000000;-0.227880;0.000000;0.488786;0.876919;-0.227880;1.138721;-1.138721;-0.761229;-1.028798;0.500000;0.900000;-0.200000;91.000000;100.000000;100.000000;100.000000;0;5.821330;2.515904;4.555971;0.000952
05/06/2021 18:41;0;0.000000;0;0.000000;-0.340210;0.000000;0.882386;0.666019;-0.340210;1.138721;-1.138721;-0.761229;-1.028798;0.900000;0.700000;-0.300000;92.000000;100.000000;99.000000;100.000000;0;5.795506;2.490081;4.555971;0.000952
05/06/2021 18:41;0;0.000000;0;0.000000;-0.338750;0.000000;0.783006;0.865819;-0.338750;1.138721;-1.138721;-0.761229;-1.028798;0.800000;0.900000;-0.300000;93.000000;99.000000;100.000000;100.000000;0;5.769682;2.412610;4.530148;0.000952
05/06/2021 18:41;0;0.000000;0;0.000000;-0.229340;0.000000;0.588166;0.677119;-0.229340;1.138721;-1.138721;-0.761229;-1.028798;0.600000;0.700000;-0.200000;94.000000;100.000000;100.000000;100.000000;0;5.743859;2.412610;4.530148;-0.004213
05/06/2021 18:41;0;0.000000;0;0.000000;-0.229340;0.000000;0.588166;0.677119;-0.229340;1.138721;-1.138721;-0.761229;-1.028798;0.600000;0.700000;-0.200000;95.000000;100.000000;99.000000;100.000000;0;5.872977;2.619199;4.555971;0.000952
05/06/2021 18:41;0;0.000000;0;0.000000;-0.229340;0.000000;0.588166;0.677119;-0.229340;1.138721;-1.138721;-0.761229;-1.028798;0.600000;0.700000;-0.200000;96.000000;99.000000;99.000000;100.000000;0;5.872977;2.593375;4.581795;0.006116
05/06/2021 18:41;0;0.000000;0;0.000000;-0.129510;0.000000;0.591846;0.688219;-0.129510;1.138721;-1.138721;-0.761229;-1.028798;0.600000;0.700000;-0.100000;97.000000;100.000000;99.000000;100.000000;0;5.821330;2.515904;4.530148;0.000952
05/06/2021 18:41;0;0.000000;0;0.000000;-0.240380;0.000000;0.886066;0.677119;-0.240380;1.138721;-1.138721;-0.761229;-1.028798;0.900000;0.700000;-0.200000;98.000000;100.000000;100.000000;100.000000;0;5.795506;2.464257;4.530148;0.000952
05/06/2021 18:41;0;0.000000;0;0.000000;-0.227880;0.000000;0.488786;0.876919;-0.227880;1.138721;-1.138721;-0.761229;-1.028798;0.500000;0.900000;-0.200000;99.000000;100.000000;100.000000;100.000000;0;5.769682;2.464257;4.530148;0.000952
05/06/2021 18:41;0;0.000000;0;0.000000;-0.229340;0.000000;0.588166;0.677119;-0.229340;1.138721;-1.138721;-0.761229;-1.028798;0.600000;0.700000;-0.200000;100.000000;99.000000;100.000000;100.000000;0;5.898800;2.670846;4.581795;0.000952
05/06/2021 18:41;0;0.000000;0;0.000000;-0.238920;0.000000;0.786686;0.876919;-0.238920;1.138721;-1.138721;-0.761229;-1.028798;0.800000;0.900000;-0.200000;101.000000;100.000000;99.000000;100.000000;0;5.769682;2.490081;4.530148;-0.004213
05/06/2021 18:41;0;0.000000;0;0.000000;-0.240380;0.000000;0.886066;0.677119;-0.240380;1.138721;-1.138721;-0.761229;-1.028798;0.900000;0.700000;-0.200000;102.000000;100.000000;100.000000;100.000000;0;5.821330;2.541728;4.555971;0.000952
05/06/2021 18:41;0;0.000000;0;0.000000;-0.222330;0.000000;0.488986;0.377419;-0.222330;1.138721;-1.138721;-0.761229;-1.028798;0.500000;0.400000;-0.200000;103.000000;100.000000;100.000000;100.000000;0;5.769682;2.490081;4.530148;0.000952
05/06/2021 18:41;0;0.000000;0;0.000000;-0.229340;0.000000;0.588166;0.677119;-0.229340;1.138721;-1.138721;-0.761229;-1.028798;0.600000;0.700000;-0.200000;104.000000;100.000000;100.000000;100.000000;0;5.769682;2.438434;4.530148;-0.004213
05/06/2021 18:41;0;0.000000;0;0.000000;-0.229340;0.000000;0.588166;0.677119;-0.229340;1.138721;-1.138721;-0.761229;-1.028798;0.600000;0.700000;-0.200000;105.000000;100.000000;100.000000;100.000000;0;5.898800;2.645023;4.581795;-0.004213
05/06/2021 18:41;0;0.000000;0;0.000000;-0.322160;0.000000;0.485306;0.366319;-0.322160;1.138721;-1.138721;-0.761229;-1.028798;0.500000;0.400000;-0.300000;106.000000;100.000000;100.000000;99.000000;0;5.821330;2.515904;4.555971;0.000952
05/06/2021 18:41;0;0.000000;0;0.000000;-0.222330;0.000000;0.488986;0.377419;-0.222330;1.138721;-1.138721;-0.761229;-1.028798;0.500000;0.400000;-0.200000;107.000000;100.000000;100.000000;100.000000;0;5.795506;2.490081;4.530148;0.006116
05/06/2021 18:41;0;0.000000;0;0.000000;-0.227880;0.000000;0.488786;0.876919;-0.227880;1.138721;-1.138721;-0.761229;-1.028798;0.500000;0.900000;-0.200000;108.000000;100.000000;99.000000;100.000000;0;5.847153;2.541728;4.555971;0.000952
05/06/2021 18:41;0;0.000000;0;0.000000;-0.222330;0.000000;0.488986;0.377419;-0.222330;1.138721;-1.138721;-0.761229;-1.028798;0.500000;0.400000;-0.200000;109.000000;100.000000;100.000000;100.000000;0;5.718035;2.386786;4.504324;0.000952
05/06/2021 18:41;0;0.000000;0;0.000000;-0.320700;0.000000;0.385926;0.566119;-0.320700;1.138721;-1.138721;-0.761229;-1.028798;0.400000;0.600000;-0.300000;110.000000;100.000000;100.000000;99.000000;0;5.821330;2.515904;4.530148;0.000952
05/06/2021 18:41;0;0.000000;0;0.000000;-0.222330;0.000000;0.488986;0.377419;-0.222330;1.138721;-1.138721;-0.761229;-1.028798;0.500000;0.400000;-0.200000;111.000000;100.000000;100.000000;99.000000;0;5.924624;2.670846;4.581795;0.000952
05/06/2021 18:41;0;0.000000;0;0.000000;-0.222330;0.000000;0.488986;0.377419;-0.222330;1.138721;-1.138721;-0.761229;-1.028798;0.500000;0.400000;-0.200000;112.000000;100.000000;100.000000;99.000000;0;5.821330;2.515904;4.555971;0.000952
05/06/2021 18:41;0;0.000000;0;0.000000;-0.122500;0.000000;0.492666;0.388519;-0.122500;1.138721;-1.138721;-0.761229;-1.028798;0.500000;0.400000;-0.100000;113.000000;100.000000;100.000000;100.000000;0;5.769682;2.438434;4.530148;0.006116
05/06/2021 18:41;0;0.000000;0;0.000000;-0.111460;0.000000;0.194766;0.388519;-0.111460;1.138721;-1.138721;-0.761229;-1.028798;0.200000;0.400000;-0.100000;114.000000;100.000000;100.000000;99.000000;0;5.847153;2.541728;4.555971;0.000952
05/06/2021 18:41;0;0.000000;0;0.000000;-0.222330;0.000000;0.488986;0.377419;-0.222330;1.138721;-1.138721;-0.761229;-1.028798;0.500000;0.400000;-0.200000;115.000000;99.000000;100.000000;99.000000;0;5.769682;2.464257;4.530148;0.000952
05/06/2021 18:41;0;0.000000;0;0.000000;-0.222330;0.000000;0.488986;0.377419;-0.222330;1.138721;-1.138721;-0.761229;-1.028798;0.500000;0.400000;-0.200000;116.000000;100.000000;100.000000;100.000000;0;5.924624;2.696670;4.581795;0.000952
05/06/2021 18:41;0;0.000000;0;0.000000;-0.220870;0.000000;0.389606;0.577219;-0.220870;1.138721;-1.138721;-0.761229;-1.028798;0.400000;0.600000;-0.200000;117.000000;99.000000;100.000000;100.000000;0;5.821330;2.541728;4.555971;0.000952
05/06/2021 18:41;0;0.000000;0;0.000000;-0.222330;0.000000;0.488986;0.377419;-0.222330;1.138721;-1.138721;-0.761229;-1.028798;0.500000;0.400000;-0.200000;118.000000;99.000000;99.000000;100.000000;0;5.821330;2.490081;4.530148;0.006116
05/06/2021 18:41;0;0.000000;0;0.000000;-0.216430;0.000000;0.389766;0.177619;-0.216430;1.138721;-1.138721;-0.761229;-1.028798;0.400000;0.200000;-0.200000;119.000000;100.000000;100.000000;100.000000;0;5.769682;2.438434;4.504324;0.000952
05/06/2021 18:41;0;0.000000;0;0.000000;-0.216430;0.000000;0.389766;0.177619;-0.216430;1.138721;-1.138721;-0.761229;-1.028798;0.400000;0.200000;-0.200000;120.000000;100.000000;100.000000;100.000000;0;5.795506;2.490081;4.530148;0.000952
05/06/2021 18:41;0;0.000000;0;0.000000;-0.222330;0.000000;0.488986;0.377419;-0.222330;1.138721;-1.138721;-0.761229;-1.028798;0.500000;0.400000;-0.200000;121.000000;100.000000;100.000000;99.000000;0;5.872977;2.645023;4.581795;0.006116
05/06/2021 18:41;0;0.000000;0;0.000000;-0.216430;0.000000;0.389766;0.177619;-0.216430;1.138721;-1.138721;-0.761229;-1.028798;0.400000;0.200000;-0.200000;122.000000;99.000000;100.000000;100.000000;0;5.795506;2.490081;4.555971;0.000952
05/06/2021 18:41;0;0.000000;0;0.000000;-0.216430;0.000000;0.389766;0.177619;-0.216430;1.138721;-1.138721;-0.761229;-1.028798;0.400000;0.200000;-0.200000;123.000000;100.000000;99.000000;100.000000;0;5.821330;2.567552;4.555971;0.000952
05/06/2021 18:41;0;0.000000;0;0.000000;-0.205390;0.000000;0.091866;0.177619;-0.205390;1.138721;-1.138721;-0.761229;-1.028798;0.100000;0.200000;-0.200000;124.000000;99.000000;100.000000;99.000000;0;5.769682;2.490081;4.530148;0.000952
05/06/2021 18:41;0;0.000000;0;0.000000;-0.216430;0.000000;0.389766;0.177619;-0.216430;1.138721;-1.138721;-0.761229;-1.028798;0.400000;0.200000;-0.200000;125.000000;100.000000;100.000000;100.000000;0;5.718035;2.412610;4.530148;0.000952
05/06/2021 18:41;0;0.000000;0;0.000000;-0.220870;0.000000;0.389606;0.577219;-0.220870;1.138721;-1.138721;-0.761229;-1.028798;0.400000;0.600000;-0.200000;126.000000;99.000000;100.000000;99.000000;0;5.795506;2.490081;4.530148;0.000952
05/06/2021 18:41;0;0.000000;0;0.000000;-0.203930;0.000000;-0.007514;0.377419;-0.203930;1.138721;-1.138721;-0.761229;-1.028798;0.000000;0.400000;-0.200000;127.000000;100.000000;100.000000;100.000000;0;5.769682;2.464257;4.530148;0.000952
05/06/2021 18:41;0;0.000000;0;0.000000;-0.222330;0.000000;0.488986;0.377419;-0.222330;1.138721;-1.138721;-0.761229;-1.028798;0.500000;0.400000;-0.200000;128.000000;100.000000;100.000000;100.000000;0;5.847153;2.567552;4.555971;0.000952
05/06/2021 18:41;0;0.000000;0;0.000000;-0.216430;0.000000;0.389766;0.177619;-0.216430;1.138721;-1.138721;-0.761229;-1.028798;0.400000;0.200000;-0.200000;129.000000;100.000000;100.000000;99.000000;0;5.795506;2.490081;4.555971;0.000952
05/06/2021 18:41;0;0.000000;0;0.000000;-0.216430;0.000000;0.389766;0.177619;-0.216430;1.138721;-1.138721;-0.761229;-1.028798;0.400000;0.200000;-0.200000;130.000000;99.000000;100.000000;99.000000;0;5.795506;2.464257;4.555971;0.021611
05/06/2021 18:41;0;0.000000;0;0.000000;-0.107020;0.000000;0.194926;-0.011081;-0.107020;1.138721;-1.138721;-0.761229;-1.028798;0.200000;0.000000;-0.100000;131.000000;100.000000;100.000000;100.000000;0;5.821330;2.541728;4.555971;0.000952
05/06/2021 18:41;0;0.000000;0;0.000000;-0.105560;0.000000;0.095546;0.188719;-0.105560;1.138721;-1.138721;-0.761229;-1.028798;0.100000;0.200000;-0.100000;132.000000;99.000000;99.000000;99.000000;0;5.795506;2.490081;4.530148;0.000952
05/06/2021 18:41;0;0.000000;0;0.000000;-0.105560;0.000000;0.095546;0.188719;-0.105560;1.138721;-1.138721;-0.761229;-1.028798;0.100000;0.200000;-0.100000;133.000000;99.000000;100.000000;100.000000;0;5.847153;2.567552;4.555971;0.000952
05/06/2021 18:41;0;0.000000;0;0.000000;-0.105560;0.000000;0.095546;0.188719;-0.105560;1.138721;-1.138721;-0.761229;-1.028798;0.100000;0.200000;-0.100000;134.000000;100.000000;100.000000;100.000000;0;5.872977;2.619199;4.581795;0.006116
05/06/2021 18:41;0;0.000000;0;0.000000;-0.105560;0.000000;0.095546;0.188719;-0.105560;1.138721;-1.138721;-0.761229;-1.028798;0.100000;0.200000;-0.100000;135.000000;100.000000;99.000000;100.000000;0;5.821330;2.541728;4.555971;0.000952
05/06/2021 18:41;0;0.000000;0;0.000000;-0.205390;0.000000;0.091866;0.177619;-0.205390;1.138721;-1.138721;-0.761229;-1.028798;0.100000;0.200000;-0.200000;136.000000;100.000000;100.000000;100.000000;0;5.795506;2.464257;4.530148;0.006116
05/06/2021 18:41;0;0.000000;0;0.000000;-0.094520;0.000000;-0.202354;0.188719;-0.094520;1.138721;-1.138721;-0.761229;-1.028798;-0.200000;0.200000;-0.100000;137.000000;99.000000;100.000000;99.000000;0;5.795506;2.490081;4.530148;0.000952
05/06/2021 18:41;0;0.000000;0;0.000000;-0.105560;0.000000;0.095546;0.188719;-0.105560;1.138721;-1.138721;-0.761229;-1.028798;0.100000;0.200000;-0.100000;138.000000;100.000000;100.000000;100.000000;0;5.769682;2.490081;4.530148;0.000952
05/06/2021 18:41;0;0.000000;0;0.000000;-0.111460;0.000000;0.194766;0.388519;-0.111460;1.138721;-1.138721;-0.761229;-1.028798;0.200000;0.400000;-0.100000;139.000000;100.000000;100.000000;100.000000;0;5.847153;2.593375;4.555971;0.000952
05/06/2021 18:41;0;0.000000;0;0.000000;-0.111460;0.000000;0.194766;0.388519;-0.111460;1.138721;-1.138721;-0.761229;-1.028798;0.200000;0.400000;-0.100000;140.000000;100.000000;100.000000;100.000000;0;5.821330;2.515904;4.555971;0.000952
05/06/2021 18:41;0;0.000000;0;0.000000;-0.203930;0.000000;-0.007514;0.377419;-0.203930;1.138721;-1.138721;-0.761229;-1.028798;0.000000;0.400000;-0.200000;141.000000;100.000000;100.000000;100.000000;0;5.769682;2.464257;4.530148;0.000952
05/06/2021 18:41;0;0.000000;0;0.000000;-0.111460;0.000000;0.194766;0.388519;-0.111460;1.138721;-1.138721;-0.761229;-1.028798;0.200000;0.400000;-0.100000;142.000000;100.000000;100.000000;100.000000;0;5.769682;2.438434;4.530148;0.000952
05/06/2021 18:41;0;0.000000;0;0.000000;-0.105560;0.000000;0.095546;0.188719;-0.105560;1.138721;-1.138721;-0.761229;-1.028798;0.100000;0.200000;-0.100000;143.000000;100.000000;100.000000;100.000000;0;5.821330;2.515904;4.555971;0.000952
05/06/2021 18:41;0;0.000000;0;0.000000;-0.205390;0.000000;0.091866;0.177619;-0.205390;1.138721;-1.138721;-0.761229;-1.028798;0.100000;0.200000;-0.200000;144.000000;100.000000;100.000000;100.000000;0;5.821330;2.541728;4.555971;0.000952
05/06/2021 18:41;0;0.000000;0;0.000000;-0.107020;0.000000;0.194926;-0.011081;-0.107020;1.138721;-1.138721;-0.761229;-1.028798;0.200000;0.000000;-0.100000;145.000000;100.000000;99.000000;100.000000;0;5.872977;2.619199;4.555971;0.000952
05/06/2021 18:41;0;0.000000;0;0.000000;-0.216430;0.000000;0.389766;0.177619;-0.216430;1.138721;-1.138721;-0.761229;-1.028798;0.400000;0.200000;-0.200000;146.000000;99.000000;100.000000;99.000000;0;5.821330;2.515904;4.530148;0.000952
05/06/2021 18:41;0;0.000000;0;0.000000;-0.111460;0.000000;0.194766;0.388519;-0.111460;1.138721;-1.138721;-0.761229;-1.028798;0.200000;0.400000;-0.100000;147.000000;99.000000;100.000000;100.000000;0;5.769682;2.464257;4.530148;0.006116
05/06/2021 18:41;0;0.000000;0;0.000000;-0.209830;0.000000;0.091706;0.577219;-0.209830;1.138721;-1.138721;-0.761229;-1.028798;0.100000;0.600000;-0.200000;148.000000;100.000000;100.000000;100.000000;0;5.795506;2.464257;4.530148;0.000952
05/06/2021 18:41;0;0.000000;0;0.000000;-0.216430;0.000000;0.389766;0.177619;-0.216430;1.138721;-1.138721;-0.761229;-1.028798;0.400000;0.200000;-0.200000;149.000000;100.000000;100.000000;100.000000;0;5.872977;2.567552;4.555971;0.000952
05/06/2021 18:41;0;0.000000;0;0.000000;-0.220870;0.000000;0.389606;0.577219;-0.220870;1.138721;-1.138721;-0.761229;-1.028798;0.400000;0.600000;-0.200000;150.000000;100.000000;100.000000;100.000000;0;5.872977;2.619199;4.555971;0.006116
05/06/2021 18:41;0;0.000000;0;0.000000;-0.211290;0.000000;0.191086;0.377419;-0.211290;1.138721;-1.138721;-0.761229;-1.028798;0.200000;0.400000;-0.200000;151.000000;100.000000;100.000000;99.000000;0;5.795506;2.438434;4.530148;0.000952
05/06/2021 18:41;0;0.000000;0;0.000000;-0.220870;0.000000;0.389606;0.577219;-0.220870;1.138721;-1.138721;-0.761229;-1.028798;0.400000;0.600000;-0.200000;152.000000;99.000000;100.000000;99.000000;0;5.847153;2.515904;4.530148;0.006116
05/06/2021 18:41;0;0.000000;0;0.000000;-0.111460;0.000000;0.194766;0.388519;-0.111460;1.138721;-1.138721;-0.761229;-1.028798;0.200000;0.400000;-0.100000;153.000000;99.000000;99.000000;99.000000;0;5.821330;2.515904;4.530148;0.000952
05/06/2021 18:41;0;0.000000;0;0.000000;-0.105560;0.000000;0.095546;0.188719;-0.105560;1.138721;-1.138721;-0.761229;-1.028798;0.100000;0.200000;-0.100000;154.000000;100.000000;99.000000;100.000000;0;5.769682;2.438434;4.504324;0.000952
05/06/2021 18:41;0;0.000000;0;0.000000;0.010860;0.000000;-0.198474;-0.299681;0.010860;1.138721;-1.138721;-0.761229;-1.028798;-0.200000;-0.300000;0.000000;155.000000;100.000000;100.000000;99.000000;0;5.898800;2.645023;4.555971;0.006116
05/06/2021 18:41;0;0.000000;0;0.000000;0.016760;0.000000;-0.297694;-0.499481;0.016760;1.138721;-1.138721;-0.761229;-1.028798;-0.300000;-0.500000;0.000000;156.000000;100.000000;100.000000;99.000000;0;5.795506;2.490081;4.555971;0.000952
05/06/2021 18:41;0;0.000000;0;0.000000;0.010860;0.000000;-0.198474;-0.299681;0.010860;1.138721;-1.138721;-0.761229;-1.028798;-0.200000;-0.300000;0.000000;157.000000;100.000000;100.000000;99.000000;0;5.795506;2.490081;4.530148;-0.004213
05/06/2021 18:41;0;0.000000;0;0.000000;0.000170;0.000000;0.000006;0.000019;0.000170;1.138721;-1.138721;-0.761229;-1.028798;0.000000;0.000000;0.000000;158.000000;99.000000;99.000000;99.000000;0;5.821330;2.515904;4.555971;0.000952
05/06/2021 18:41;0;0.000000;0;0.000000;0.000170;0.000000;0.000006;0.000019;0.000170;1.138721;-1.138721;-0.761229;-1.028798;0.000000;0.000000;0.000000;159.000000;100.000000;100.000000;100.000000;0;5.821330;2.515904;4.581795;0.000952
05/06/2021 18:41;0;0.000000;0;0.000000;-0.198380;0.000000;-0.007314;-0.122081;-0.198380;1.138721;-1.138721;-0.761229;-1.028798;0.000000;-0.100000;-0.200000;160.000000;100.000000;100.000000;100.000000;0;5.743859;2.412610;4.530148;0.000952
05/06/2021 18:41;0;0.000000;0;0.000000;-0.105560;0.000000;0.095546;0.188719;-0.105560;1.138721;-1.138721;-0.761229;-1.028798;0.100000;0.200000;-0.100000;161.000000;99.000000;100.000000;100.000000;0;5.924624;2.645023;4.581795;0.000952
05/06/2021 18:41;0;0.000000;0;0.000000;-0.105560;0.000000;0.095546;0.188719;-0.105560;1.138721;-1.138721;-0.761229;-1.028798;0.100000;0.200000;-0.100000;162.000000;99.000000;100.000000;100.000000;0;5.872977;2.619199;4.581795;0.000952
05/06/2021 18:41;0;0.000000;0;0.000000;-0.094520;0.000000;-0.202354;0.188719;-0.094520;1.138721;-1.138721;-0.761229;-1.028798;-0.200000;0.200000;-0.100000;163.000000;100.000000;100.000000;99.000000;0;5.821330;2.541728;4.555971;0.000952
05/06/2021 18:41;0;0.000000;0;0.000000;-0.105560;0.000000;0.095546;0.188719;-0.105560;1.138721;-1.138721;-0.761229;-1.028798;0.100000;0.200000;-0.100000;164.000000;99.000000;100.000000;100.000000;0;5.769682;2.490081;4.530148;0.006116
05/06/2021 18:41;0;0.000000;0;0.000000;-0.094520;0.000000;-0.202354;0.188719;-0.094520;1.138721;-1.138721;-0.761229;-1.028798;-0.200000;0.200000;-0.100000;165.000000;99.000000;100.000000;100.000000;0;5.795506;2.464257;4.530148;0.000952
05/06/2021 18:41;0;0.000000;0;0.000000;-0.105560;0.000000;0.095546;0.188719;-0.105560;1.138721;-1.138721;-0.761229;-1.028798;0.100000;0.200000;-0.100000;166.000000;100.000000;100.000000;100.000000;0;5.950448;2.670846;4.581795;0.000952
05/06/2021 18:41;0;0.000000;0;0.000000;-0.094520;0.000000;-0.202354;0.188719;-0.094520;1.138721;-1.138721;-0.761229;-1.028798;-0.200000;0.200000;-0.100000;167.000000;100.000000;100.000000;100.000000;0;5.847153;2.541728;4.581795;0.000952
05/06/2021 18:41;0;0.000000;0;0.000000;-0.105560;0.000000;0.095546;0.188719;-0.105560;1.138721;-1.138721;-0.761229;-1.028798;0.100000;0.200000;-0.100000;168.000000;99.000000;100.000000;100.000000;0;5.821330;2.464257;4.530148;0.000952
05/06/2021 18:41;0;0.000000;0;0.000000;-0.105560;0.000000;0.095546;0.188719;-0.105560;1.138721;-1.138721;-0.761229;-1.028798;0.100000;0.200000;-0.100000;169.000000;99.000000;100.000000;100.000000;0;5.847153;2.541728;4.555971;0.000952
05/06/2021 18:41;0;0.000000;0;0.000000;-0.105560;0.000000;0.095546;0.188719;-0.105560;1.138721;-1.138721;-0.761229;-1.028798;0.100000;0.200000;-0.100000;170.000000;100.000000;100.000000;100.000000;0;5.821330;2.490081;4.555971;0.000952
05/06/2021 18:41;0;0.000000;0;0.000000;-0.105560;0.000000;0.095546;0.188719;-0.105560;1.138721;-1.138721;-0.761229;-1.028798;0.100000;0.200000;-0.100000;171.000000;100.000000;100.000000;100.000000;0;5.769682;2.412610;4.530148;0.000952
05/06/2021 18:41;0;0.000000;0;0.000000;-0.107020;0.000000;0.194926;-0.011081;-0.107020;1.138721;-1.138721;-0.761229;-1.028798;0.200000;0.000000;-0.100000;172.000000;99.000000;100.000000;100.000000;0;5.924624;2.645023;4.581795;0.000952
05/06/2021 18:41;0;0.000000;0;0.000000;-0.105560;0.000000;0.095546;0.188719;-0.105560;1.138721;-1.138721;-0.761229;-1.028798;0.100000;0.200000;-0.100000;173.000000;100.000000;100.000000;100.000000;0;5.872977;2.541728;4.555971;0.006116
05/06/2021 18:41;0;0.000000;0;0.000000;-0.198380;0.000000;-0.007314;-0.122081;-0.198380;1.138721;-1.138721;-0.761229;-1.028798;0.000000;-0.100000;-0.200000;174.000000;100.000000;100.000000;100.000000;0;5.847153;2.515904;4.555971;0.000952
05/06/2021 18:41;0;0.000000;0;0.000000;-0.094520;0.000000;-0.202354;0.188719;-0.094520;1.138721;-1.138721;-0.761229;-1.028798;-0.200000;0.200000;-0.100000;175.000000;100.000000;99.000000;100.000000;0;5.821330;2.490081;4.555971;0.000952
05/06/2021 18:41;0;0.000000;0;0.000000;-0.105560;0.000000;0.095546;0.188719;-0.105560;1.138721;-1.138721;-0.761229;-1.028798;0.100000;0.200000;-0.100000;176.000000;99.000000;99.000000;99.000000;0;5.847153;2.567552;4.555971;0.000952
05/06/2021 18:41;0;0.000000;0;0.000000;-0.098960;0.000000;-0.202514;0.588319;-0.098960;1.138721;-1.138721;-0.761229;-1.028798;-0.200000;0.600000;-0.100000;177.000000;100.000000;100.000000;100.000000;0;5.898800;2.619199;4.555971;0.000952
05/06/2021 18:41;0;0.000000;0;0.000000;-0.105560;0.000000;0.095546;0.188719;-0.105560;1.138721;-1.138721;-0.761229;-1.028798;0.100000;0.200000;-0.100000;178.000000;99.000000;99.000000;99.000000;0;5.821330;2.515904;4.555971;0.000952
05/06/2021 18:41;0;0.000000;0;0.000000;-0.105560;0.000000;0.095546;0.188719;-0.105560;1.138721;-1.138721;-0.761229;-1.028798;0.100000;0.200000;-0.100000;179.000000;100.000000;100.000000;100.000000;0;5.821330;2.567552;4.555971;-0.004213
05/06/2021 18:41;0;0.000000;0;0.000000;-0.105560;0.000000;0.095546;0.188719;-0.105560;1.138721;-1.138721;-0.761229;-1.028798;0.100000;0.200000;-0.100000;180.000000;100.000000;99.000000;100.000000;0;5.795506;2.515904;4.555971;-0.004213
05/06/2021 18:41;0;0.000000;0;0.000000;-0.093060;0.000000;-0.301734;0.388519;-0.093060;1.138721;-1.138721;-0.761229;-1.028798;-0.300000;0.400000;-0.100000;181.000000;100.000000;100.000000;100.000000;0;5.743859;2.412610;4.530148;0.000952
05/06/2021 18:41;0;0.000000;0;0.000000;-0.111460;0.000000;0.194766;0.388519;-0.111460;1.138721;-1.138721;-0.761229;-1.028798;0.200000;0.400000;-0.100000;182.000000;100.000000;99.000000;100.000000;0;5.872977;2.645023;4.555971;0.000952
05/06/2021 18:41;0;0.000000;0;0.000000;-0.094520;0.000000;-0.202354;0.188719;-0.094520;1.138721;-1.138721;-0.761229;-1.028798;-0.200000;0.200000;-0.100000;183.000000;100.000000;100.000000;100.000000;0;5.769682;2.515904;4.530148;0.000952
05/06/2021 18:41;0;0.000000;0;0.000000;-0.094520;0.000000;-0.202354;0.188719;-0.094520;1.138721;-1.138721;-0.761229;-1.028798;-0.200000;0.200000;-0.100000;184.000000;100.000000;99.000000;100.000000;0;5.743859;2.438434;4.530148;0.000952
05/06/2021 18:41;0;0.000000;0;0.000000;-0.105560;0.000000;0.095546;0.188719;-0.105560;1.138721;-1.138721;-0.761229;-1.028798;0.100000;0.200000;-0.100000;185.000000;100.000000;100.000000;100.000000;0;5.821330;2.567552;4.530148;0.000952
05/06/2021 18:41;0;0.000000;0;0.000000;-0.069462;-0.037558;0.194926;-0.011081;-0.107020;1.138721;-1.138721;-0.761229;-1.028798;0.200000;0.000000;-0.100000;186.000000;99.000000;100.000000;100.000000;0;5.795506;2.464257;4.530148;0.000952
05/06/2021 18:41;0;0.000000;0;0.000000;-0.067560;-0.037999;0.095546;0.188719;-0.105560;1.138721;-1.138721;-0.761229;-1.028798;0.100000;0.200000;-0.100000;187.000000;100.000000;100.000000;99.000000;0;5.795506;2.464257;4.530148;0.000952
05/06/2021 18:41;0;0.000000;0;0.000000;-0.072993;-0.038467;0.194766;0.388519;-0.111460;1.138721;-1.138721;-0.761229;-1.028798;0.200000;0.400000;-0.100000;188.000000;100.000000;100.000000;100.000000;0;5.950448;2.645023;4.581795;0.000952
05/06/2021 18:41;0;0.000000;0;0.000000;0.059775;-0.171235;0.194766;0.388519;-0.111460;1.138721;-1.138721;-0.761229;-1.028798;0.200000;0.400000;-0.100000;189.000000;100.000000;100.000000;99.000000;0;5.847153;2.541728;4.530148;0.000952
05/06/2021 18:41;0;0.000000;0;0.000000;0.077153;-0.171672;-0.202354;0.188719;-0.094520;1.138721;-1.138721;-0.761229;-1.028798;-0.200000;0.200000;-0.100000;190.000000;100.000000;100.000000;99.000000;0;5.743859;2.464257;4.504324;0.000952
05/06/2021 18:41;0;0.000000;0;0.000000;0.066107;-0.171666;0.095546;0.188719;-0.105560;1.138721;-1.138721;-0.761229;-1.028798;0.100000;0.200000;-0.100000;191.000000;100.000000;100.000000;99.000000;0;5.666388;2.412610;4.478501;0.000952
05/06/2021 18:41;0;0.000000;0;0.000000;0.064676;-0.171695;0.194926;-0.011081;-0.107020;1.138721;-1.138721;-0.761229;-1.028798;0.200000;0.000000;-0.100000;192.000000;100.000000;100.000000;100.000000;0;5.563093;2.309315;4.426853;0.000952
05/06/2021 18:41;0;0.000000;0;0.000000;0.066574;-0.172134;0.095546;0.188719;-0.105560;1.138721;-1.138721;-0.761229;-1.028798;0.100000;0.200000;-0.100000;193.000000;99.000000;99.000000;100.000000;0;5.769682;2.464257;4.478501;0.000952
05/06/2021 18:41;0;0.000000;0;0.000000;0.078007;-0.172527;-0.202354;0.188719;-0.094520;1.138721;-1.138721;-0.761229;-1.028798;-0.200000;0.200000;-0.100000;194.000000;100.000000;100.000000;100.000000;0;5.743859;2.567552;4.530148;0.000952
05/06/2021 18:41;0;0.000000;0;0.000000;0.068444;-0.172544;-0.003834;0.388519;-0.104100;1.138721;-1.138721;-0.761229;-1.028798;0.000000;0.400000;-0.100000;195.000000;100.000000;100.000000;100.000000;0;5.821330;2.490081;4.530148;0.000952
05/06/2021 18:41;0;0.000000;0;0.000000;0.078417;-0.172937;-0.202354;0.188719;-0.094520;1.138721;-1.138721;-0.761229;-1.028798;-0.200000;0.200000;-0.100000;196.000000;99.000000;100.000000;100.000000;0;5.898800;2.490081;4.555971;0.000952
05/06/2021 18:41;0;0.000000;0;0.000000;0.067452;-0.173012;0.095546;0.188719;-0.105560;1.138721;-1.138721;-0.761229;-1.028798;0.100000;0.200000;-0.100000;197.000000;100.000000;100.000000;100.000000;0;5.950448;2.593375;4.581795;0.000952
05/06/2021 18:41;0;0.000000;0;0.000000;0.061651;-0.173111;0.194766;0.388519;-0.111460;1.138721;-1.138721;-0.761229;-1.028798;0.200000;0.400000;-0.100000;198.000000;100.000000;100.000000;100.000000;0;5.821330;2.490081;4.555971;0.000952
05/06/2021 18:41;0;0.000000;0;0.000000;-0.031426;-0.173964;0.091866;0.177619;-0.205390;1.138721;-1.138721;-0.761229;-1.028798;0.100000;0.200000;-0.200000;199.000000;100.000000;100.000000;100.000000;0;5.821330;2.490081;4.555971;0.006116
05/06/2021 18:41;0;0.000000;0;0.000000;0.067389;-0.174409;0.194926;-0.011081;-0.107020;1.138721;-1.138721;-0.761229;-1.028798;0.200000;0.000000;-0.100000;200.000000;100.000000;99.000000;99.000000;0;5.924624;2.645023;4.581795;0.000952
05/06/2021 18:41;0;0.000000;0;0.000000;0.079918;-0.174438;-0.202354;0.188719;-0.094520;1.138721;-1.138721;-0.761229;-1.028798;-0.200000;0.200000;-0.100000;201.000000;100.000000;99.000000;99.000000;0;5.847153;2.567552;4.555971;0.000952
05/06/2021 18:41;0;0.000000;0;0.000000;-0.045515;-0.175355;0.389606;0.577219;-0.220870;1.138721;-1.138721;-0.761229;-1.028798;0.400000;0.600000;-0.200000;202.000000;100.000000;100.000000;100.000000;0;5.795506;2.515904;4.555971;0.000952
05/06/2021 18:41;0;0.000000;0;0.000000;-0.033603;-0.176227;0.091706;0.577219;-0.209830;1.138721;-1.138721;-0.761229;-1.028798;0.100000;0.600000;-0.200000;203.000000;100.000000;100.000000;100.000000;0;5.769682;2.464257;4.530148;0.000952
05/06/2021 18:41;0;0.000000;0;0.000000;-0.032732;-0.177098;0.091706;0.577219;-0.209830;1.138721;-1.138721;-0.761229;-1.028798;0.100000;0.600000;-0.200000;204.000000;100.000000;100.000000;99.000000;0;5.743859;2.438434;4.530148;-0.004213
05/06/2021 18:41;0;0.000000;0;0.000000;-0.026401;-0.177529;-0.007514;0.377419;-0.203930;1.138721;-1.138721;-0.761229;-1.028798;0.000000;0.400000;-0.200000;205.000000;100.000000;100.000000;99.000000;0;5.847153;2.619199;4.555971;0.000952
05/06/2021 18:41;0;0.000000;0;0.000000;0.083402;-0.177922;-0.202354;0.188719;-0.094520;1.138721;-1.138721;-0.761229;-1.028798;-0.200000;0.200000;-0.100000;206.000000;100.000000;100.000000;100.000000;0;5.821330;2.541728;4.530148;0.000952
05/06/2021 18:41;0;0.000000;0;0.000000;0.079004;-0.177963;-0.202514;0.588319;-0.098960;1.138721;-1.138721;-0.761229;-1.028798;-0.200000;0.600000;-0.100000;207.000000;100.000000;100.000000;100.000000;0;5.769682;2.490081;4.530148;0.006116
05/06/2021 18:41;0;0.000000;0;0.000000;-0.038392;-0.178448;0.190886;0.876919;-0.216840;1.138721;-1.138721;-0.761229;-1.028798;0.200000;0.900000;-0.200000;208.000000;100.000000;100.000000;99.000000;0;5.795506;2.438434;4.530148;0.000952
05/06/2021 18:41;0;0.000000;0;0.000000;-0.030162;-0.179318;-0.007714;0.876919;-0.209480;1.138721;-1.138721;-0.761229;-1.028798;0.000000;0.900000;-0.200000;209.000000;99.000000;100.000000;100.000000;0;5.872977;2.541728;4.555971;0.000952
05/06/2021 18:41;0;0.000000;0;0.000000;-0.024180;-0.179749;-0.007514;0.377419;-0.203930;1.138721;-1.138721;-0.761229;-1.028798;0.000000;0.400000;-0.200000;210.000000;100.000000;99.000000;100.000000;0;5.924624;2.619199;4.581795;0.000952
05/06/2021 18:41;0;0.000000;0;0.000000;-0.047548;-0.180332;0.488786;0.876919;-0.227880;1.138721;-1.138721;-0.761229;-1.028798;0.500000;0.900000;-0.200000;211.000000;100.000000;99.000000;99.000000;0;5.898800;2.541728;4.555971;0.000952
05/06/2021 18:41;0;0.000000;0;0.000000;-0.028990;-0.180839;0.091706;0.577219;-0.209830;1.138721;-1.138721;-0.761229;-1.028798;0.100000;0.600000;-0.200000;212.000000;100.000000;100.000000;100.000000;0;5.847153;2.490081;4.555971;0.000952
05/06/2021 18:41;0;0.000000;0;0.000000;-0.035100;-0.181740;0.190886;0.876919;-0.216840;1.138721;-1.138721;-0.761229;-1.028798;0.200000;0.900000;-0.200000;213.000000;100.000000;100.000000;100.000000;0;5.821330;2.541728;4.555971;0.000952
05/06/2021 18:41;0;0.000000;0;0.000000;-0.027286;-0.182194;-0.007714;0.876919;-0.209480;1.138721;-1.138721;-0.761229;-1.028798;0.000000;0.900000;-0.200000;214.000000;100.000000;100.000000;100.000000;0;5.769682;2.464257;4.530148;0.000952
05/06/2021 18:41;0;0.000000;0;0.000000;-0.027128;-0.182702;0.091706;0.577219;-0.209830;1.138721;-1.138721;-0.761229;-1.028798;0.100000;0.600000;-0.200000;215.000000;100.000000;100.000000;100.000000;0;5.666388;2.386786;4.504324;-0.004213
05/06/2021 18:41;0;0.000000;0;0.000000;-0.026257;-0.183573;0.091706;0.577219;-0.209830;1.138721;-1.138721;-0.761229;-1.028798;0.100000;0.600000;-0.200000;216.000000;100.000000;99.000000;100.000000;0;5.872977;2.696670;4.581795;-0.004213
05/06/2021 18:41;0;0.000000;0;0.000000;0.072576;-0.184036;0.194766;0.388519;-0.111460;1.138721;-1.138721;-0.761229;-1.028798;0.200000;0.400000;-0.100000;217.000000;100.000000;100.000000;100.000000;0;5.795506;2.567552;4.555971;0.000952
05/06/2021 18:41;0;0.000000;0;0.000000;0.085488;-0.184447;-0.202514;0.588319;-0.098960;1.138721;-1.138721;-0.761229;-1.028798;-0.200000;0.600000;-0.100000;218.000000;100.000000;100.000000;100.000000;0;5.743859;2.464257;4.555971;0.000952
05/06/2021 18:41;0;0.000000;0;0.000000;-0.024511;-0.185319;0.091706;0.577219;-0.209830;1.138721;-1.138721;-0.761229;-1.028798;0.100000;0.600000;-0.200000;219.000000;100.000000;100.000000;100.000000;0;5.743859;2.412610;4.504324;0.000952
05/06/2021 18:41;0;0.000000;0;0.000000;-0.024003;-0.185826;0.091706;0.577219;-0.209830;1.138721;-1.138721;-0.761229;-1.028798;0.100000;0.600000;-0.200000;220.000000;100.000000;100.000000;99.000000;0;5.743859;2.412610;4.504324;0.000952
05/06/2021 18:41;0;0.000000;0;0.000000;-0.034126;-0.186744;0.389606;0.577219;-0.220870;1.138721;-1.138721;-0.761229;-1.028798;0.400000;0.600000;-0.200000;221.000000;100.000000;100.000000;99.000000;0;5.847153;2.593375;4.555971;0.000952
05/06/2021 18:41;0;0.000000;0;0.000000;-0.033573;-0.187297;0.389606;0.577219;-0.220870;1.138721;-1.138721;-0.761229;-1.028798;0.400000;0.600000;-0.200000;222.000000;100.000000;100.000000;99.000000;0;5.847153;2.619199;4.581795;0.000952
05/06/2021 18:41;0;0.000000;0;0.000000;-0.033020;-0.187850;0.389606;0.577219;-0.220870;1.138721;-1.138721;-0.761229;-1.028798;0.400000;0.600000;-0.200000;223.000000;100.000000;100.000000;99.000000;0;5.795506;2.515904;4.530148;0.000952
05/06/2021 18:41;0;0.000000;0;0.000000;0.100266;-0.187775;-0.301534;-0.110981;-0.087510;1.138721;-1.138721;-0.761229;-1.028798;-0.300000;-0.100000;-0.100000;224.000000;99.000000;100.000000;100.000000;0;5.743859;2.438434;4.530148;-0.004213
05/06/2021 18:41;0;0.000000;0;0.000000;0.093285;-0.187804;-0.202354;0.188719;-0.094520;1.138721;-1.138721;-0.761229;-1.028798;-0.200000;0.200000;-0.100000;225.000000;100.000000;100.000000;100.000000;0;5.821330;2.515904;4.555971;-0.004213
05/06/2021 18:41;0;0.000000;0;0.000000;0.100295;-0.187804;-0.301534;-0.110981;-0.087510;1.138721;-1.138721;-0.761229;-1.028798;-0.300000;-0.100000;-0.100000;226.000000;100.000000;100.000000;99.000000;0;5.795506;2.464257;4.530148;0.000952
05/06/2021 18:41;0;0.000000;0;0.000000;0.203666;-0.186906;-0.297694;-0.499481;0.016760;1.138721;-1.138721;-0.761229;-1.028798;-0.300000;-0.500000;0.000000;227.000000;100.000000;100.000000;100.000000;0;5.743859;2.438434;4.530148;0.000952
05/06/2021 18:41;0;0.000000;0;0.000000;0.098936;-0.186446;-0.301534;-0.110981;-0.087510;1.138721;-1.138721;-0.761229;-1.028798;-0.300000;-0.100000;-0.100000;228.000000;99.000000;100.000000;99.000000;0;5.872977;2.645023;4.581795;0.000952
05/06/2021 18:41;0;0.000000;0;0.000000;0.185792;-0.185622;0.000006;0.000019;0.000170;1.138721;-1.138721;-0.761229;-1.028798;0.000000;0.000000;0.000000;229.000000;100.000000;100.000000;99.000000;0;5.795506;2.490081;4.530148;0.000952
05/06/2021 18:41;0;0.000000;0;0.000000;0.196074;-0.185214;-0.198474;-0.299681;0.010860;1.138721;-1.138721;-0.761229;-1.028798;-0.200000;-0.300000;0.000000;230.000000;100.000000;100.000000;99.000000;0;5.795506;2.490081;4.530148;0.006116
05/06/2021 18:41;0;0.000000;0;0.000000;0.090642;-0.185162;-0.202354;0.188719;-0.094520;1.138721;-1.138721;-0.761229;-1.028798;-0.200000;0.200000;-0.100000;231.000000;99.000000;100.000000;100.000000;0;5.795506;2.490081;4.530148;0.000952
05/06/2021 18:41;0;0.000000;0;0.000000;0.077763;-0.184783;0.194926;-0.011081;-0.107020;1.138721;-1.138721;-0.761229;-1.028798;0.200000;0.000000;-0.100000;232.000000;99.000000;100.000000;99.000000;0;5.795506;2.515904;4.555971;0.000952
05/06/2021 18:41;0;0.000000;0;0.000000;0.072962;-0.184422;0.194766;0.388519;-0.111460;1.138721;-1.138721;-0.761229;-1.028798;0.200000;0.400000;-0.100000;233.000000;100.000000;99.000000;100.000000;0;5.847153;2.593375;4.555971;0.000952
05/06/2021 18:41;0;0.000000;0;0.000000;-0.036946;-0.185384;0.488986;0.377419;-0.222330;1.138721;-1.138721;-0.761229;-1.028798;0.500000;0.400000;-0.200000;234.000000;100.000000;100.000000;99.000000;0;5.821330;2.567552;4.555971;0.006116
05/06/2021 18:41;0;0.000000;0;0.000000;-0.034920;-0.185949;0.389606;0.577219;-0.220870;1.138721;-1.138721;-0.761229;-1.028798;0.400000;0.600000;-0.200000;235.000000;99.000000;99.000000;100.000000;0;5.795506;2.464257;4.530148;0.006116
05/06/2021 18:41;0;0.000000;0;0.000000;0.076884;-0.186883;0.095386;0.588319;-0.110000;1.138721;-1.138721;-0.761229;-1.028798;0.100000;0.600000;-0.100000;236.000000;99.000000;100.000000;100.000000;0;5.795506;2.464257;4.555971;0.000952
05/06/2021 18:41;0;0.000000;0;0.000000;0.076000;-0.187460;0.194766;0.388519;-0.111460;1.138721;-1.138721;-0.761229;-1.028798;0.200000;0.400000;-0.100000;237.000000;99.000000;99.000000;100.000000;0;5.847153;2.515904;4.581795;0.000952
05/06/2021 18:41;0;0.000000;0;0.000000;0.198276;-0.187415;-0.198474;-0.299681;0.010860;1.138721;-1.138721;-0.761229;-1.028798;-0.200000;-0.300000;0.000000;238.000000;99.000000;100.000000;99.000000;0;5.924624;2.670846;4.581795;0.000952
05/06/2021 18:41;0;0.000000;0;0.000000;0.196384;-0.186984;-0.099094;-0.499481;0.009400;1.138721;-1.138721;-0.761229;-1.028798;-0.100000;-0.500000;0.000000;239.000000;100.000000;100.000000;99.000000;0;5.821330;2.541728;4.555971;0.000952
05/06/2021 18:41;0;0.000000;0;0.000000;0.195493;-0.186093;-0.099094;-0.499481;0.009400;1.138721;-1.138721;-0.761229;-1.028798;-0.100000;-0.500000;0.000000;240.000000;99.000000;100.000000;99.000000;0;5.769682;2.464257;4.530148;0.000952
05/06/2021 18:41;0;0.000000;0;0.000000;0.207079;-0.185179;-0.496374;-0.299681;0.021900;1.138721;-1.138721;-0.761229;-1.028798;-0.500000;-0.300000;0.000000;241.000000;100.000000;100.000000;99.000000;0;5.847153;2.541728;4.555971;0.006116
05/06/2021 18:41;0;0.000000;0;0.000000;0.095702;-0.184671;-0.202154;-0.310781;-0.088970;1.138721;-1.138721;-0.761229;-1.028798;-0.200000;-0.300000;-0.100000;242.000000;100.000000;100.000000;100.000000;0;5.769682;2.464257;4.530148;0.000952
05/06/2021 18:41;0;0.000000;0;0.000000;0.096679;-0.184188;-0.301534;-0.110981;-0.087510;1.138721;-1.138721;-0.761229;-1.028798;-0.300000;-0.100000;-0.100000;243.000000;99.000000;99.000000;99.000000;0;5.769682;2.438434;4.530148;0.000952
05/06/2021 18:41;0;0.000000;0;0.000000;0.100174;-0.183244;-0.301374;-0.510581;-0.083070;1.138721;-1.138721;-0.761229;-1.028798;-0.300000;-0.500000;-0.100000;244.000000;99.000000;100.000000;100.000000;0;5.872977;2.619199;4.555971;0.000952
05/06/2021 18:41;0;0.000000;0;0.000000;0.193638;-0.182778;-0.198474;-0.299681;0.010860;1.138721;-1.138721;-0.761229;-1.028798;-0.200000;-0.300000;0.000000;245.000000;99.000000;100.000000;99.000000;0;5.795506;2.464257;4.530148;0.000952
05/06/2021 18:41;0;0.000000;0;0.000000;0.094802;-0.182312;-0.301534;-0.110981;-0.087510;1.138721;-1.138721;-0.761229;-1.028798;-0.300000;-0.100000;-0.100000;246.000000;100.000000;100.000000;99.000000;0;5.821330;2.541728;4.555971;0.000952
05/06/2021 18:41;0;0.000000;0;0.000000;0.087787;-0.182307;-0.202354;0.188719;-0.094520;1.138721;-1.138721;-0.761229;-1.028798;-0.200000;0.200000;-0.100000;247.000000;100.000000;100.000000;100.000000;0;5.795506;2.515904;4.530148;0.000952
05/06/2021 18:41;0;0.000000;0;0.000000;0.083407;-0.182367;-0.202514;0.588319;-0.098960;1.138721;-1.138721;-0.761229;-1.028798;-0.200000;0.600000;-0.100000;248.000000;100.000000;100.000000;100.000000;0;5.743859;2.412610;4.530148;0.000952
05/06/2021 18:41;0;0.000000;0;0.000000;-0.021161;-0.182769;-0.007514;0.377419;-0.203930;1.138721;-1.138721;-0.761229;-1.028798;0.000000;0.400000;-0.200000;249.000000;100.000000;100.000000;99.000000;0;5.872977;2.619199;4.555971;0.000952
05/06/2021 18:41;0;0.000000;0;0.000000;-0.026304;-0.183176;-0.007714;0.876919;-0.209480;1.138721;-1.138721;-0.761229;-1.028798;0.000000;0.900000;-0.200000;250.000000;100.000000;100.000000;100.000000;0;5.872977;2.593375;4.581795;0.000952
05/06/2021 18:41;0;0.000000;0;0.000000;-0.026218;-0.183262;-0.007714;0.876919;-0.209480;1.138721;-1.138721;-0.761229;-1.028798;0.000000;0.900000;-0.200000;251.000000;100.000000;100.000000;100.000000;0;5.821330;2.541728;4.555971;0.006116
05/06/2021 18:41;0;0.000000;0;0.000000;-0.020699;-0.183231;-0.007514;0.377419;-0.203930;1.138721;-1.138721;-0.761229;-1.028798;0.000000;0.400000;-0.200000;252.000000;100.000000;100.000000;100.000000;0;5.795506;2.490081;4.530148;0.000952
05/06/2021 18:41;0;0.000000;0;0.000000;-0.021091;-0.182838;-0.007514;0.377419;-0.203930;1.138721;-1.138721;-0.761229;-1.028798;0.000000;0.400000;-0.200000;253.000000;100.000000;100.000000;99.000000;0;5.769682;2.464257;4.504324;0.000952
05/06/2021 18:41;0;0.000000;0;0.000000;0.083029;-0.181989;-0.202514;0.588319;-0.098960;1.138721;-1.138721;-0.761229;-1.028798;-0.200000;0.600000;-0.100000;254.000000;99.000000;100.000000;100.000000;0;5.898800;2.670846;4.581795;0.000952
05/06/2021 18:41;0;0.000000;0;0.000000;0.069731;-0.181191;0.194766;0.388519;-0.111460;1.138721;-1.138721;-0.761229;-1.028798;0.200000;0.400000;-0.100000;255.000000;99.000000;100.000000;100.000000;0;5.821330;2.541728;4.555971;0.006116
05/06/2021 18:41;0;0.000000;0;0.000000;-0.023085;-0.180845;-0.007514;0.377419;-0.203930;1.138721;-1.138721;-0.761229;-1.028798;0.000000;0.400000;-0.200000;0.000000;100.000000;100.000000;99.000000;0;5.769682;2.490081;4.530148;0.000952
05/06/2021 18:41;0;0.000000;0;0.000000;-0.035516;-0.180914;0.389766;0.177619;-0.216430;1.138721;-1.138721;-0.761229;-1.028798;0.400000;0.200000;-0.200000;1.000000;100.000000;100.000000;100.000000;0;5.821330;2.541728;4.555971;0.000952
05/06/2021 18:41;0;0.000000;0;0.000000;-0.023395;-0.180535;-0.007514;0.377419;-0.203930;1.138721;-1.138721;-0.761229;-1.028798;0.000000;0.400000;-0.200000;2.000000;99.000000;100.000000;99.000000;0;5.718035;2.386786;4.504324;0.000952
05/06/2021 18:41;0;0.000000;0;0.000000;-0.023408;-0.180522;-0.007514;0.377419;-0.203930;1.138721;-1.138721;-0.761229;-1.028798;0.000000;0.400000;-0.200000;3.000000;100.000000;100.000000;99.000000;0;5.821330;2.515904;4.530148;0.000952
05/06/2021 18:41;0;0.000000;0;0.000000;-0.023828;-0.180101;-0.007514;0.377419;-0.203930;1.138721;-1.138721;-0.761229;-1.028798;0.000000;0.400000;-0.200000;4.000000;99.000000;99.000000;99.000000;0;5.769682;2.438434;4.530148;0.000952
05/06/2021 18:41;0;0.000000;0;0.000000;-0.024295;-0.179635;-0.007514;0.377419;-0.203930;1.138721;-1.138721;-0.761229;-1.028798;0.000000;0.400000;-0.200000;5.000000;99.000000;99.000000;100.000000;0;5.924624;2.645023;4.581795;0.000952
05/06/2021 18:41;0;0.000000;0;0.000000;-0.024652;-0.179278;-0.007514;0.377419;-0.203930;1.138721;-1.138721;-0.761229;-1.028798;0.000000;0.400000;-0.200000;6.000000;99.000000;99.000000;99.000000;0;5.821330;2.567552;4.581795;0.000952
05/06/2021 18:41;0;0.000000;0;0.000000;-0.026147;-0.179243;0.091866;0.177619;-0.205390;1.138721;-1.138721;-0.761229;-1.028798;0.100000;0.200000;-0.200000;7.000000;100.000000;99.000000;99.000000;0;5.769682;2.464257;4.555971;0.006116
05/06/2021 18:41;0;0.000000;0;0.000000;0.178070;-0.177899;0.000006;0.000019;0.000170;1.138721;-1.138721;-0.761229;-1.028798;0.000000;0.000000;0.000000;8.000000;99.000000;100.000000;99.000000;0;5.769682;2.438434;4.530148;0.000952
05/06/2021 18:41;0;0.000000;0;0.000000;-0.027515;-0.177875;0.091866;0.177619;-0.205390;1.138721;-1.138721;-0.761229;-1.028798;0.100000;0.200000;-0.200000;9.000000;100.000000;99.000000;100.000000;0;5.795506;2.515904;4.530148;0.000952
05/06/2021 18:41;0;0.000000;0;0.000000;-0.032322;-0.177508;0.091706;0.577219;-0.209830;1.138721;-1.138721;-0.761229;-1.028798;0.100000;0.600000;-0.200000;10.000000;99.000000;100.000000;100.000000;0;5.898800;2.645023;4.581795;0.000952
05/06/2021 18:41;0;0.000000;0;0.000000;-0.040744;-0.177146;0.489146;-0.022181;-0.217890;1.138721;-1.138721;-0.761229;-1.028798;0.500000;0.000000;-0.200000;11.000000;100.000000;100.000000;99.000000;0;5.821330;2.541728;4.555971;0.000952
05/06/2021 18:41;0;0.000000;0;0.000000;-0.017227;-0.177123;-0.206034;0.177619;-0.194350;1.138721;-1.138721;-0.761229;-1.028798;-0.200000;0.200000;-0.200000;12.000000;100.000000;100.000000;99.000000;0;5.795506;2.515904;4.530148;0.000952
05/06/2021 18:41;0;0.000000;0;0.000000;-0.051429;-0.176451;0.488786;0.876919;-0.227880;1.138721;-1.138721;-0.761229;-1.028798;0.500000;0.900000;-0.200000;13.000000;100.000000;100.000000;99.000000;0;5.743859;2.438434;4.530148;-0.004213
05/06/2021 18:41;0;0.000000;0;0.000000;0.079902;-0.174422;-0.202354;0.188719;-0.094520;1.138721;-1.138721;-0.761229;-1.028798;-0.200000;0.200000;-0.100000;14.000000;100.000000;99.000000;99.000000;0;5.821330;2.541728;4.555971;0.000952
05/06/2021 18:41;0;0.000000;0;0.000000;-0.151378;-0.174872;0.385726;1.065619;-0.326250;1.138721;-1.138721;-0.761229;-1.028798;0.400000;1.100000;-0.300000;15.000000;100.000000;100.000000;100.000000;0;5.769682;2.464257;4.530148;-0.004213
05/06/2021 18:41;0;0.000000;0;0.000000;-0.169277;-0.175373;0.882226;1.065619;-0.344650;1.138721;-1.138721;-0.761229;-1.028798;0.900000;1.100000;-0.300000;16.000000;100.000000;100.000000;99.000000;0;5.898800;2.645023;4.581795;0.000952
05/06/2021 18:41;0;0.000000;0;0.000000;-0.156729;-0.175421;0.484946;1.265419;-0.332150;1.138721;-1.138721;-0.761229;-1.028798;0.500000;1.300000;-0.300000;17.000000;99.000000;100.000000;99.000000;0;5.795506;2.490081;4.530148;0.000952
05/06/2021 18:41;0;0.000000;0;0.000000;-0.067847;-0.175163;0.687106;1.576219;-0.243010;1.138721;-1.138721;-0.761229;-1.028798;0.700000;1.600000;-0.200000;18.000000;99.000000;100.000000;100.000000;0;5.847153;2.541728;4.555971;0.000952
05/06/2021 18:41;0;0.000000;0;0.000000;-0.168520;-0.176130;0.882226;1.065619;-0.344650;1.138721;-1.138721;-0.761229;-1.028798;0.900000;1.100000;-0.300000;19.000000;99.000000;100.000000;99.000000;0;5.769682;2.490081;4.530148;-0.004213
05/06/2021 18:41;0;0.000000;0;0.000000;-0.166068;-0.177122;0.782846;1.265419;-0.343190;1.138721;-1.138721;-0.761229;-1.028798;0.800000;1.300000;-0.300000;20.000000;99.000000;100.000000;99.000000;0;5.769682;2.412610;4.504324;-0.004213
05/06/2021 18:41;0;0.000000;0;0.000000;-0.164343;-0.178497;0.683426;1.565119;-0.342840;1.138721;-1.138721;-0.761229;-1.028798;0.700000;1.600000;-0.300000;21.000000;100.000000;100.000000;100.000000;0;5.847153;2.670846;4.581795;0.006116
05/06/2021 18:41;0;0.000000;0;0.000000;-0.152849;-0.178951;0.385526;1.565119;-0.331800;1.138721;-1.138721;-0.761229;-1.028798;0.400000;1.600000;-0.300000;22.000000;99.000000;100.000000;100.000000;0;5.821330;2.541728;4.555971;0.000952
05/06/2021 18:41;0;0.000000;0;0.000000;-0.054297;-0.179483;0.588006;1.076719;-0.233780;1.138721;-1.138721;-0.761229;-1.028798;0.600000;1.100000;-0.200000;23.000000;100.000000;99.000000;100.000000;0;5.769682;2.438434;4.530148;0.000952
05/06/2021 18:41;0;0.000000;0;0.000000;-0.164614;-0.180036;0.882226;1.065619;-0.344650;1.138721;-1.138721;-0.761229;-1.028798;0.900000;1.100000;-0.300000;24.000000;99.000000;100.000000;100.000000;0;5.821330;2.515904;4.555971;0.006116
05/06/2021 18:41;0;0.000000;0;0.000000;-0.054110;-0.179670;0.588006;1.076719;-0.233780;1.138721;-1.138721;-0.761229;-1.028798;0.600000;1.100000;-0.200000;25.000000;100.000000;100.000000;99.000000;0;5.743859;2.438434;4.530148;0.000952
05/06/2021 18:41;0;0.000000;0;0.000000;-0.163019;-0.180171;0.782846;1.265419;-0.343190;1.138721;-1.138721;-0.761229;-1.028798;0.800000;1.300000;-0.300000;26.000000;100.000000;100.000000;100.000000;0;5.898800;2.670846;4.581795;0.000952
05/06/2021 18:41;0;0.000000;0;0.000000;-0.153397;-0.180212;0.584326;1.065619;-0.333610;1.138721;-1.138721;-0.761229;-1.028798;0.600000;1.100000;-0.300000;27.000000;100.000000;99.000000;99.000000;0;5.821330;2.567552;4.555971;0.000952
05/06/2021 18:41;0;0.000000;0;0.000000;-0.053589;-0.180191;0.588006;1.076719;-0.233780;1.138721;-1.138721;-0.761229;-1.028798;0.600000;1.100000;-0.200000;28.000000;100.000000;100.000000;99.000000;0;5.795506;2.490081;4.530148;0.000952
05/06/2021 18:41;0;0.000000;0;0.000000;-0.152011;-0.180139;0.484946;1.265419;-0.332150;1.138721;-1.138721;-0.761229;-1.028798;0.500000;1.300000;-0.300000;29.000000;100.000000;100.000000;100.000000;0;5.769682;2.464257;4.530148;0.000952
05/06/2021 18:41;0;0.000000;0;0.000000;-0.052719;-0.181061;0.588006;1.076719;-0.233780;1.138721;-1.138721;-0.761229;-1.028798;0.600000;1.100000;-0.200000;30.000000;99.000000;100.000000;100.000000;0;5.769682;2.464257;4.530148;0.000952
05/06/2021 18:41;0;0.000000;0;0.000000;-0.163081;-0.181569;0.882226;1.065619;-0.344650;1.138721;-1.138721;-0.761229;-1.028798;0.900000;1.100000;-0.300000;31.000000;99.000000;100.000000;99.000000;0;5.769682;2.464257;4.530148;0.000952
05/06/2021 18:41;0;0.000000;0;0.000000;-0.045969;-0.183371;0.588166;0.677119;-0.229340;1.138721;-1.138721;-0.761229;-1.028798;0.600000;0.700000;-0.200000;32.000000;99.000000;100.000000;100.000000;0;5.872977;2.645023;4.581795;0.000952
05/06/2021 18:41;0;0.000000;0;0.000000;-0.135998;-0.184702;0.385926;0.566119;-0.320700;1.138721;-1.138721;-0.761229;-1.028798;0.400000;0.600000;-0.300000;33.000000;99.000000;100.000000;99.000000;0;5.847153;2.593375;4.581795;0.000952
05/06/2021 18:41;0;0.000000;0;0.000000;-0.026195;-0.185095;0.191086;0.377419;-0.211290;1.138721;-1.138721;-0.761229;-1.028798;0.200000;0.400000;-0.200000;34.000000;100.000000;100.000000;100.000000;0;5.795506;2.515904;4.530148;-0.004213
05/06/2021 18:41;0;0.000000;0;0.000000;-0.025190;-0.184640;0.091706;0.577219;-0.209830;1.138721;-1.138721;-0.761229;-1.028798;0.100000;0.600000;-0.200000;35.000000;100.000000;100.000000;100.000000;0;5.769682;2.464257;4.530148;0.000952
05/06/2021 18:41;0;0.000000;0;0.000000;-0.024297;-0.185533;0.091706;0.577219;-0.209830;1.138721;-1.138721;-0.761229;-1.028798;0.100000;0.600000;-0.200000;36.000000;100.000000;100.000000;99.000000;0;5.769682;2.464257;4.530148;0.000952
05/06/2021 18:41;0;0.000000;0;0.000000;-0.025325;-0.185965;0.191086;0.377419;-0.211290;1.138721;-1.138721;-0.761229;-1.028798;0.200000;0.400000;-0.200000;37.000000;100.000000;100.000000;99.000000;0;5.795506;2.464257;4.530148;0.000952
05/06/2021 18:41;0;0.000000;0;0.000000;-0.023432;-0.186398;0.091706;0.577219;-0.209830;1.138721;-1.138721;-0.761229;-1.028798;0.100000;0.600000;-0.200000;38.000000;99.000000;100.000000;99.000000;0;5.898800;2.645023;4.581795;0.000952
05/06/2021 18:41;0;0.000000;0;0.000000;-0.023204;-0.186276;-0.007714;0.876919;-0.209480;1.138721;-1.138721;-0.761229;-1.028798;0.000000;0.900000;-0.200000;39.000000;100.000000;100.000000;100.000000;0;5.847153;2.567552;4.555971;0.000952
05/06/2021 18:41;0;0.000000;0;0.000000;-0.117602;-0.186158;-0.011194;0.366319;-0.303760;1.138721;-1.138721;-0.761229;-1.028798;0.000000;0.400000;-0.300000;40.000000;99.000000;100.000000;100.000000;0;5.769682;2.464257;4.530148;0.000952
05/06/2021 18:41;0;0.000000;0;0.000000;-0.117695;-0.186065;-0.011194;0.366319;-0.303760;1.138721;-1.138721;-0.761229;-1.028798;0.000000;0.400000;-0.300000;41.000000;99.000000;100.000000;99.000000;0;5.795506;2.515904;4.555971;0.000952
05/06/2021 18:41;0;0.000000;0;0.000000;-0.023765;-0.186065;0.091706;0.577219;-0.209830;1.138721;-1.138721;-0.761229;-1.028798;0.100000;0.600000;-0.200000;42.000000;100.000000;100.000000;100.000000;0;5.769682;2.438434;4.530148;0.016446
05/06/2021 18:41;0;0.000000;0;0.000000;-0.134151;-0.186549;0.385926;0.566119;-0.320700;1.138721;-1.138721;-0.761229;-1.028798;0.400000;0.600000;-0.300000;43.000000;100.000000;100.000000;99.000000;0;5.743859;2.438434;4.504324;0.000952
05/06/2021 18:41;0;0.000000;0;0.000000;-0.035704;-0.186625;0.488986;0.377419;-0.222330;1.138721;-1.138721;-0.761229;-1.028798;0.500000;0.400000;-0.200000;44.000000;100.000000;100.000000;100.000000;0;5.898800;2.645023;4.555971;0.000952
05/06/2021 18:41;0;0.000000;0;0.000000;0.063782;-0.186281;0.492666;0.388519;-0.122500;1.138721;-1.138721;-0.761229;-1.028798;0.500000;0.400000;-0.100000;45.000000;100.000000;100.000000;100.000000;0;5.872977;2.619199;4.555971;0.006116
05/06/2021 18:41;0;0.000000;0;0.000000;0.080190;-0.185749;0.095546;0.188719;-0.105560;1.138721;-1.138721;-0.761229;-1.028798;0.100000;0.200000;-0.100000;46.000000;100.000000;99.000000;100.000000;0;5.718035;2.438434;4.504324;0.000952
05/06/2021 18:41;0;0.000000;0;0.000000;0.178596;-0.184326;0.099226;0.199819;-0.005730;1.138721;-1.138721;-0.761229;-1.028798;0.100000;0.200000;0.000000;47.000000;100.000000;100.000000;99.000000;0;5.821330;2.567552;4.530148;0.000952
05/06/2021 18:41;0;0.000000;0;0.000000;-0.025693;-0.184137;0.091706;0.577219;-0.209830;1.138721;-1.138721;-0.761229;-1.028798;0.100000;0.600000;-0.200000;48.000000;100.000000;100.000000;100.000000;0;5.795506;2.490081;4.530148;0.000952
05/06/2021 18:41;0;0.000000;0;0.000000;-0.037241;-0.183629;0.389606;0.577219;-0.220870;1.138721;-1.138721;-0.761229;-1.028798;0.400000;0.600000;-0.200000;49.000000;99.000000;100.000000;100.000000;0;5.821330;2.541728;4.555971;0.000952
05/06/2021 18:41;0;0.000000;0;0.000000;-0.033810;-0.183030;0.190886;0.876919;-0.216840;1.138721;-1.138721;-0.761229;-1.028798;0.200000;0.900000;-0.200000;50.000000;100.000000;100.000000;100.000000;0;5.847153;2.567552;4.555971;0.000952
05/06/2021 18:41;0;0.000000;0;0.000000;-0.038422;-0.182447;0.389606;0.577219;-0.220870;1.138721;-1.138721;-0.761229;-1.028798;0.400000;0.600000;-0.200000;51.000000;99.000000;99.000000;100.000000;0;5.795506;2.515904;4.530148;0.000952
05/06/2021 18:41;0;0.000000;0;0.000000;-0.039011;-0.181859;0.389606;0.577219;-0.220870;1.138721;-1.138721;-0.761229;-1.028798;0.400000;0.600000;-0.200000;52.000000;100.000000;99.000000;99.000000;0;5.769682;2.464257;4.530148;0.006116
05/06/2021 18:41;0;0.000000;0;0.000000;-0.046965;-0.180914;0.488786;0.876919;-0.227880;1.138721;-1.138721;-0.761229;-1.028798;0.500000;0.900000;-0.200000;53.000000;99.000000;99.000000;99.000000;0;5.743859;2.438434;4.530148;0.000952
05/06/2021 18:41;0;0.000000;0;0.000000;-0.047011;-0.180869;0.488786;0.876919;-0.227880;1.138721;-1.138721;-0.761229;-1.028798;0.500000;0.900000;-0.200000;54.000000;100.000000;100.000000;99.000000;0;5.872977;2.645023;4.555971;0.006116
05/06/2021 18:41;0;0.000000;0;0.000000;-0.040145;-0.180725;0.389606;0.577219;-0.220870;1.138721;-1.138721;-0.761229;-1.028798;0.400000;0.600000;-0.200000;55.000000;100.000000;100.000000;100.000000;0;5.821330;2.541728;4.555971;-0.004213
05/06/2021 18:41;0;0.000000;0;0.000000;-0.049138;-0.180202;0.588166;0.677119;-0.229340;1.138721;-1.138721;-0.761229;-1.028798;0.600000;0.700000;-0.200000;56.000000;99.000000;100.000000;100.000000;0;5.847153;2.593375;4.555971;-0.009378
05/06/2021 18:41;0;0.000000;0;0.000000;-0.140666;-0.180034;0.385926;0.566119;-0.320700;1.138721;-1.138721;-0.761229;-1.028798;0.400000;0.600000;-0.300000;57.000000;100.000000;99.000000;99.000000;0;5.769682;2.490081;4.530148;-0.009378
05/06/2021 18:41;0;0.000000;0;0.000000;-0.158418;-0.180332;0.783006;0.865819;-0.338750;1.138721;-1.138721;-0.761229;-1.028798;0.800000;0.900000;-0.300000;58.000000;100.000000;100.000000;99.000000;0;5.743859;2.412610;4.530148;0.000952
05/06/2021 18:41;0;0.000000;0;0.000000;-0.164778;-0.179872;0.882226;1.065619;-0.344650;1.138721;-1.138721;-0.761229;-1.028798;0.900000;1.100000;-0.300000;59.000000;100.000000;100.000000;100.000000;0;5.821330;2.541728;4.555971;0.000952
05/06/2021 18:41;0;0.000000;0;0.000000;-0.153376;-0.180234;0.584326;1.065619;-0.333610;1.138721;-1.138721;-0.761229;-1.028798;0.600000;1.100000;-0.300000;60.000000;99.000000;99.000000;99.000000;0;5.847153;2.567552;4.555971;0.000952
05/06/2021 18:41;0;0.000000;0;0.000000;-0.047760;-0.180120;0.488786;0.876919;-0.227880;1.138721;-1.138721;-0.761229;-1.028798;0.500000;0.900000;-0.200000;61.000000;100.000000;99.000000;99.000000;0;5.872977;2.619199;4.581795;0.000952
05/06/2021 18:41;0;0.000000;0;0.000000;-0.153512;-0.180098;0.584326;1.065619;-0.333610;1.138721;-1.138721;-0.761229;-1.028798;0.600000;1.100000;-0.300000;62.000000;99.000000;99.000000;99.000000;0;5.821330;2.541728;4.555971;0.006116
05/06/2021 18:41;0;0.000000;0;0.000000;0.003054;-0.179354;-0.603114;-0.122081;-0.176300;1.138721;-1.138721;-0.761229;-1.028798;-0.600000;-0.100000;-0.200000;63.000000;99.000000;100.000000;99.000000;0;5.795506;2.515904;4.530148;0.000952
05/06/2021 18:41;0;0.000000;0;0.000000;-0.119457;-0.179163;-0.209874;0.566119;-0.298620;1.138721;-1.138721;-0.761229;-1.028798;-0.200000;0.600000;-0.300000;64.000000;99.000000;100.000000;99.000000;0;5.769682;2.464257;4.530148;-0.004213
05/06/2021 18:41;0;0.000000;0;0.000000;-0.454641;-0.180739;0.274906;2.231119;-0.635380;1.138721;-1.138721;-0.761229;-1.028798;0.300000;2.300000;-0.600000;65.000000;99.000000;100.000000;99.000000;0;5.898800;2.645023;4.581795;0.000952
05/06/2021 18:41;0;0.000000;0;0.000000;-0.477634;-0.182456;-1.515854;1.420819;-0.660090;1.138721;-1.138721;-0.761229;-1.028798;-1.500000;1.500000;-0.700000;66.000000;99.000000;99.000000;99.000000;0;5.795506;2.515904;4.555971;0.000952
05/06/2021 18:41;0;0.000000;0;0.000000;-0.894668;-0.185832;-1.531334;3.274519;-1.080500;1.138721;-1.138721;-0.761229;-1.028798;-1.500000;3.400000;-1.100000;67.000000;99.000000;100.000000;99.000000;0;5.795506;2.490081;4.530148;0.000952
05/06/2021 18:41;0;0.000000;0;0.000000;-0.368749;-0.187071;-1.512014;1.032319;-0.555820;1.138721;-1.138721;-0.761229;-1.028798;-1.500000;1.100000;-0.600000;68.000000;99.000000;100.000000;99.000000;0;5.769682;2.438434;4.530148;0.000952
05/06/2021 18:41;0;0.000000;0;0.000000;-0.478645;-0.188455;-1.416674;1.720519;-0.667100;1.138721;-1.138721;-0.761229;-1.028798;-1.400000;1.800000;-0.700000;69.000000;99.000000;100.000000;99.000000;0;5.821330;2.515904;4.530148;0.006116
05/06/2021 18:41;0;0.000000;0;0.000000;-0.209405;-0.188695;-0.312974;0.854719;-0.398100;1.138721;-1.138721;-0.761229;-1.028798;-0.300000;0.900000;-0.400000;70.000000;99.000000;100.000000;99.000000;0;5.769682;2.464257;4.504324;0.000952
05/06/2021 18:41;0;0.000000;0;0.000000;-0.139061;-0.188649;0.485106;0.865819;-0.327710;1.138721;-1.138721;-0.761229;-1.028798;0.500000;0.900000;-0.300000;71.000000;99.000000;100.000000;99.000000;0;5.743859;2.412610;4.504324;0.006116
05/06/2021 18:41;0;0.000000;0;0.000000;-0.120742;-0.188918;0.088026;0.566119;-0.309660;1.138721;-1.138721;-0.761229;-1.028798;0.100000;0.600000;-0.300000;72.000000;99.000000;100.000000;99.000000;0;5.898800;2.645023;4.555971;0.006116
05/06/2021 18:41;0;0.000000;0;0.000000;-0.144713;-0.188897;0.584326;1.065619;-0.333610;1.138721;-1.138721;-0.761229;-1.028798;0.600000;1.100000;-0.300000;73.000000;99.000000;100.000000;100.000000;0;5.821330;2.541728;4.530148;0.000952
05/06/2021 18:41;0;0.000000;0;0.000000;-0.138807;-0.188903;0.485106;0.865819;-0.327710;1.138721;-1.138721;-0.761229;-1.028798;0.500000;0.900000;-0.300000;74.000000;100.000000;100.000000;100.000000;0;5.821330;2.541728;4.555971;0.000952